band_width,n_neighbors,weights,metric,accuracy_train,accuracy_test
10,1,uniform,euclidean,1.0,0.9230769230769231
10,1,uniform,manhattan,1.0,0.9153846153846154
10,1,uniform,chebyshev,1.0,0.8923076923076924
10,1,uniform,minkowski,1.0,0.9230769230769231
10,1,distance,euclidean,1.0,0.9230769230769231
10,1,distance,manhattan,1.0,0.9153846153846154
10,1,distance,chebyshev,1.0,0.8923076923076924
10,1,distance,minkowski,1.0,0.9230769230769231
10,2,uniform,euclidean,0.9131274131274131,0.8769230769230769
10,2,uniform,manhattan,0.9420849420849421,0.9307692307692308
10,2,uniform,chebyshev,0.9111969111969112,0.8538461538461538
10,2,uniform,minkowski,0.9131274131274131,0.8769230769230769
10,2,distance,euclidean,1.0,0.9230769230769231
10,2,distance,manhattan,1.0,0.9153846153846154
10,2,distance,chebyshev,1.0,0.8923076923076924
10,2,distance,minkowski,1.0,0.9230769230769231
10,3,uniform,euclidean,0.9247104247104247,0.8923076923076924
10,3,uniform,manhattan,0.9459459459459459,0.9076923076923077
10,3,uniform,chebyshev,0.8918918918918919,0.8692307692307693
10,3,uniform,minkowski,0.9247104247104247,0.8923076923076924
10,3,distance,euclidean,1.0,0.9
10,3,distance,manhattan,1.0,0.9153846153846154
10,3,distance,chebyshev,1.0,0.8538461538461538
10,3,distance,minkowski,1.0,0.9
10,4,uniform,euclidean,0.9054054054054054,0.8923076923076924
10,4,uniform,manhattan,0.9324324324324325,0.9153846153846154
10,4,uniform,chebyshev,0.8764478764478765,0.8384615384615385
10,4,uniform,minkowski,0.9054054054054054,0.8923076923076924
10,4,distance,euclidean,1.0,0.9230769230769231
10,4,distance,manhattan,1.0,0.9153846153846154
10,4,distance,chebyshev,1.0,0.8692307692307693
10,4,distance,minkowski,1.0,0.9230769230769231
10,5,uniform,euclidean,0.9111969111969112,0.9076923076923077
10,5,uniform,manhattan,0.9266409266409267,0.9
10,5,uniform,chebyshev,0.8706563706563707,0.8692307692307693
10,5,uniform,minkowski,0.9111969111969112,0.9076923076923077
10,5,distance,euclidean,1.0,0.9153846153846154
10,5,distance,manhattan,1.0,0.9153846153846154
10,5,distance,chebyshev,1.0,0.8538461538461538
10,5,distance,minkowski,1.0,0.9153846153846154
10,6,uniform,euclidean,0.888030888030888,0.8769230769230769
10,6,uniform,manhattan,0.9015444015444015,0.8923076923076924
10,6,uniform,chebyshev,0.8532818532818532,0.8307692307692308
10,6,uniform,minkowski,0.888030888030888,0.8769230769230769
10,6,distance,euclidean,1.0,0.9307692307692308
10,6,distance,manhattan,1.0,0.8923076923076924
10,6,distance,chebyshev,1.0,0.8461538461538461
10,6,distance,minkowski,1.0,0.9307692307692308
10,7,uniform,euclidean,0.8803088803088803,0.8384615384615385
10,7,uniform,manhattan,0.8996138996138996,0.8692307692307693
10,7,uniform,chebyshev,0.8494208494208494,0.8076923076923077
10,7,uniform,minkowski,0.8803088803088803,0.8384615384615385
10,7,distance,euclidean,1.0,0.8846153846153846
10,7,distance,manhattan,1.0,0.9
10,7,distance,chebyshev,1.0,0.8461538461538461
10,7,distance,minkowski,1.0,0.8846153846153846
10,8,uniform,euclidean,0.8667953667953668,0.8153846153846154
10,8,uniform,manhattan,0.8918918918918919,0.8461538461538461
10,8,uniform,chebyshev,0.8455598455598455,0.7923076923076923
10,8,uniform,minkowski,0.8667953667953668,0.8153846153846154
10,8,distance,euclidean,1.0,0.8692307692307693
10,8,distance,manhattan,1.0,0.9
10,8,distance,chebyshev,1.0,0.8615384615384616
10,8,distance,minkowski,1.0,0.8692307692307693
10,9,uniform,euclidean,0.8513513513513513,0.8615384615384616
10,9,uniform,manhattan,0.8745173745173745,0.8615384615384616
10,9,uniform,chebyshev,0.8301158301158301,0.8153846153846154
10,9,uniform,minkowski,0.8513513513513513,0.8615384615384616
10,9,distance,euclidean,1.0,0.8769230769230769
10,9,distance,manhattan,1.0,0.9
10,9,distance,chebyshev,1.0,0.8461538461538461
10,9,distance,minkowski,1.0,0.8769230769230769
10,10,uniform,euclidean,0.8532818532818532,0.8384615384615385
10,10,uniform,manhattan,0.8725868725868726,0.8769230769230769
10,10,uniform,chebyshev,0.8185328185328186,0.7692307692307693
10,10,uniform,minkowski,0.8532818532818532,0.8384615384615385
10,10,distance,euclidean,1.0,0.8923076923076924
10,10,distance,manhattan,1.0,0.9
10,10,distance,chebyshev,1.0,0.8461538461538461
10,10,distance,minkowski,1.0,0.8923076923076924
10,11,uniform,euclidean,0.8455598455598455,0.8692307692307693
10,11,uniform,manhattan,0.859073359073359,0.8769230769230769
10,11,uniform,chebyshev,0.8243243243243243,0.7769230769230769
10,11,uniform,minkowski,0.8455598455598455,0.8692307692307693
10,11,distance,euclidean,1.0,0.8692307692307693
10,11,distance,manhattan,1.0,0.9230769230769231
10,11,distance,chebyshev,1.0,0.8461538461538461
10,11,distance,minkowski,1.0,0.8692307692307693
10,12,uniform,euclidean,0.8359073359073359,0.8692307692307693
10,12,uniform,manhattan,0.8571428571428571,0.8846153846153846
10,12,uniform,chebyshev,0.8146718146718147,0.7538461538461538
10,12,uniform,minkowski,0.8359073359073359,0.8692307692307693
10,12,distance,euclidean,1.0,0.9
10,12,distance,manhattan,1.0,0.9230769230769231
10,12,distance,chebyshev,1.0,0.823076923076923
10,12,distance,minkowski,1.0,0.9
10,13,uniform,euclidean,0.8146718146718147,0.8769230769230769
10,13,uniform,manhattan,0.8436293436293436,0.8769230769230769
10,13,uniform,chebyshev,0.8011583011583011,0.7923076923076923
10,13,uniform,minkowski,0.8146718146718147,0.8769230769230769
10,13,distance,euclidean,1.0,0.8923076923076924
10,13,distance,manhattan,1.0,0.9153846153846154
10,13,distance,chebyshev,1.0,0.8384615384615385
10,13,distance,minkowski,1.0,0.8923076923076924
10,14,uniform,euclidean,0.8281853281853282,0.8384615384615385
10,14,uniform,manhattan,0.8359073359073359,0.8692307692307693
10,14,uniform,chebyshev,0.7972972972972973,0.7538461538461538
10,14,uniform,minkowski,0.8281853281853282,0.8384615384615385
10,14,distance,euclidean,1.0,0.9
10,14,distance,manhattan,1.0,0.9230769230769231
10,14,distance,chebyshev,1.0,0.823076923076923
10,14,distance,minkowski,1.0,0.9
10,15,uniform,euclidean,0.8262548262548263,0.8461538461538461
10,15,uniform,manhattan,0.8146718146718147,0.8615384615384616
10,15,uniform,chebyshev,0.8011583011583011,0.7615384615384615
10,15,uniform,minkowski,0.8262548262548263,0.8461538461538461
10,15,distance,euclidean,1.0,0.8846153846153846
10,15,distance,manhattan,1.0,0.8846153846153846
10,15,distance,chebyshev,1.0,0.823076923076923
10,15,distance,minkowski,1.0,0.8846153846153846
10,16,uniform,euclidean,0.8262548262548263,0.8461538461538461
10,16,uniform,manhattan,0.8243243243243243,0.8538461538461538
10,16,uniform,chebyshev,0.777992277992278,0.7615384615384615
10,16,uniform,minkowski,0.8262548262548263,0.8461538461538461
10,16,distance,euclidean,1.0,0.8923076923076924
10,16,distance,manhattan,1.0,0.9076923076923077
10,16,distance,chebyshev,1.0,0.8076923076923077
10,16,distance,minkowski,1.0,0.8923076923076924
10,17,uniform,euclidean,0.8204633204633205,0.8307692307692308
10,17,uniform,manhattan,0.8146718146718147,0.8307692307692308
10,17,uniform,chebyshev,0.7934362934362934,0.7615384615384615
10,17,uniform,minkowski,0.8204633204633205,0.8307692307692308
10,17,distance,euclidean,1.0,0.9
10,17,distance,manhattan,1.0,0.8923076923076924
10,17,distance,chebyshev,1.0,0.823076923076923
10,17,distance,minkowski,1.0,0.9
10,18,uniform,euclidean,0.8088803088803089,0.8307692307692308
10,18,uniform,manhattan,0.8146718146718147,0.823076923076923
10,18,uniform,chebyshev,0.7644787644787645,0.7384615384615385
10,18,uniform,minkowski,0.8088803088803089,0.8307692307692308
10,18,distance,euclidean,1.0,0.9076923076923077
10,18,distance,manhattan,1.0,0.8923076923076924
10,18,distance,chebyshev,1.0,0.823076923076923
10,18,distance,minkowski,1.0,0.9076923076923077
10,19,uniform,euclidean,0.8185328185328186,0.823076923076923
10,19,uniform,manhattan,0.8204633204633205,0.8076923076923077
10,19,uniform,chebyshev,0.752895752895753,0.7538461538461538
10,19,uniform,minkowski,0.8185328185328186,0.823076923076923
10,19,distance,euclidean,1.0,0.9
10,19,distance,manhattan,1.0,0.8538461538461538
10,19,distance,chebyshev,1.0,0.8307692307692308
10,19,distance,minkowski,1.0,0.9
10,20,uniform,euclidean,0.7972972972972973,0.823076923076923
10,20,uniform,manhattan,0.806949806949807,0.8076923076923077
10,20,uniform,chebyshev,0.7567567567567568,0.7538461538461538
10,20,uniform,minkowski,0.7972972972972973,0.823076923076923
10,20,distance,euclidean,1.0,0.9076923076923077
10,20,distance,manhattan,1.0,0.8461538461538461
10,20,distance,chebyshev,1.0,0.823076923076923
10,20,distance,minkowski,1.0,0.9076923076923077
20,1,uniform,euclidean,1.0,0.9076923076923077
20,1,uniform,manhattan,1.0,0.9461538461538461
20,1,uniform,chebyshev,1.0,0.8384615384615385
20,1,uniform,minkowski,1.0,0.9076923076923077
20,1,distance,euclidean,1.0,0.9076923076923077
20,1,distance,manhattan,1.0,0.9461538461538461
20,1,distance,chebyshev,1.0,0.8384615384615385
20,1,distance,minkowski,1.0,0.9076923076923077
20,2,uniform,euclidean,0.9111969111969112,0.8615384615384616
20,2,uniform,manhattan,0.9362934362934363,0.9153846153846154
20,2,uniform,chebyshev,0.9015444015444015,0.823076923076923
20,2,uniform,minkowski,0.9111969111969112,0.8615384615384616
20,2,distance,euclidean,1.0,0.9076923076923077
20,2,distance,manhattan,1.0,0.9461538461538461
20,2,distance,chebyshev,1.0,0.8384615384615385
20,2,distance,minkowski,1.0,0.9076923076923077
20,3,uniform,euclidean,0.918918918918919,0.8846153846153846
20,3,uniform,manhattan,0.9459459459459459,0.9307692307692308
20,3,uniform,chebyshev,0.888030888030888,0.823076923076923
20,3,uniform,minkowski,0.918918918918919,0.8846153846153846
20,3,distance,euclidean,1.0,0.9076923076923077
20,3,distance,manhattan,1.0,0.9384615384615385
20,3,distance,chebyshev,1.0,0.8153846153846154
20,3,distance,minkowski,1.0,0.9076923076923077
20,4,uniform,euclidean,0.8976833976833977,0.8538461538461538
20,4,uniform,manhattan,0.9208494208494209,0.9153846153846154
20,4,uniform,chebyshev,0.8745173745173745,0.8
20,4,uniform,minkowski,0.8976833976833977,0.8538461538461538
20,4,distance,euclidean,1.0,0.8923076923076924
20,4,distance,manhattan,1.0,0.9307692307692308
20,4,distance,chebyshev,1.0,0.8461538461538461
20,4,distance,minkowski,1.0,0.8923076923076924
20,5,uniform,euclidean,0.9034749034749034,0.8615384615384616
20,5,uniform,manhattan,0.9247104247104247,0.8769230769230769
20,5,uniform,chebyshev,0.8648648648648649,0.8307692307692308
20,5,uniform,minkowski,0.9034749034749034,0.8615384615384616
20,5,distance,euclidean,1.0,0.8923076923076924
20,5,distance,manhattan,1.0,0.8923076923076924
20,5,distance,chebyshev,1.0,0.823076923076923
20,5,distance,minkowski,1.0,0.8923076923076924
20,6,uniform,euclidean,0.8725868725868726,0.8384615384615385
20,6,uniform,manhattan,0.8957528957528957,0.8615384615384616
20,6,uniform,chebyshev,0.8416988416988417,0.8384615384615385
20,6,uniform,minkowski,0.8725868725868726,0.8384615384615385
20,6,distance,euclidean,1.0,0.8923076923076924
20,6,distance,manhattan,1.0,0.9
20,6,distance,chebyshev,1.0,0.823076923076923
20,6,distance,minkowski,1.0,0.8923076923076924
20,7,uniform,euclidean,0.8667953667953668,0.8307692307692308
20,7,uniform,manhattan,0.9015444015444015,0.8538461538461538
20,7,uniform,chebyshev,0.8494208494208494,0.8076923076923077
20,7,uniform,minkowski,0.8667953667953668,0.8307692307692308
20,7,distance,euclidean,1.0,0.8384615384615385
20,7,distance,manhattan,1.0,0.8923076923076924
20,7,distance,chebyshev,1.0,0.8076923076923077
20,7,distance,minkowski,1.0,0.8384615384615385
20,8,uniform,euclidean,0.8667953667953668,0.8153846153846154
20,8,uniform,manhattan,0.8918918918918919,0.8538461538461538
20,8,uniform,chebyshev,0.8552123552123552,0.7923076923076923
20,8,uniform,minkowski,0.8667953667953668,0.8153846153846154
20,8,distance,euclidean,1.0,0.8615384615384616
20,8,distance,manhattan,1.0,0.8923076923076924
20,8,distance,chebyshev,1.0,0.8076923076923077
20,8,distance,minkowski,1.0,0.8615384615384616
20,9,uniform,euclidean,0.8436293436293436,0.823076923076923
20,9,uniform,manhattan,0.8725868725868726,0.8692307692307693
20,9,uniform,chebyshev,0.8416988416988417,0.823076923076923
20,9,uniform,minkowski,0.8436293436293436,0.823076923076923
20,9,distance,euclidean,1.0,0.8461538461538461
20,9,distance,manhattan,1.0,0.9
20,9,distance,chebyshev,1.0,0.8307692307692308
20,9,distance,minkowski,1.0,0.8461538461538461
20,10,uniform,euclidean,0.8416988416988417,0.8
20,10,uniform,manhattan,0.8783783783783784,0.8384615384615385
20,10,uniform,chebyshev,0.8185328185328186,0.8
20,10,uniform,minkowski,0.8416988416988417,0.8
20,10,distance,euclidean,1.0,0.8538461538461538
20,10,distance,manhattan,1.0,0.8923076923076924
20,10,distance,chebyshev,1.0,0.823076923076923
20,10,distance,minkowski,1.0,0.8538461538461538
20,11,uniform,euclidean,0.8281853281853282,0.8538461538461538
20,11,uniform,manhattan,0.8687258687258688,0.8846153846153846
20,11,uniform,chebyshev,0.8262548262548263,0.8
20,11,uniform,minkowski,0.8281853281853282,0.8538461538461538
20,11,distance,euclidean,1.0,0.8538461538461538
20,11,distance,manhattan,1.0,0.9076923076923077
20,11,distance,chebyshev,1.0,0.8076923076923077
20,11,distance,minkowski,1.0,0.8538461538461538
20,12,uniform,euclidean,0.8301158301158301,0.8538461538461538
20,12,uniform,manhattan,0.8532818532818532,0.8846153846153846
20,12,uniform,chebyshev,0.806949806949807,0.7615384615384615
20,12,uniform,minkowski,0.8301158301158301,0.8538461538461538
20,12,distance,euclidean,1.0,0.8923076923076924
20,12,distance,manhattan,1.0,0.8923076923076924
20,12,distance,chebyshev,1.0,0.8076923076923077
20,12,distance,minkowski,1.0,0.8923076923076924
20,13,uniform,euclidean,0.805019305019305,0.8769230769230769
20,13,uniform,manhattan,0.8301158301158301,0.8461538461538461
20,13,uniform,chebyshev,0.803088803088803,0.7692307692307693
20,13,uniform,minkowski,0.805019305019305,0.8769230769230769
20,13,distance,euclidean,1.0,0.8769230769230769
20,13,distance,manhattan,1.0,0.9076923076923077
20,13,distance,chebyshev,1.0,0.7846153846153846
20,13,distance,minkowski,1.0,0.8769230769230769
20,14,uniform,euclidean,0.8108108108108109,0.8461538461538461
20,14,uniform,manhattan,0.8378378378378378,0.8538461538461538
20,14,uniform,chebyshev,0.803088803088803,0.7538461538461538
20,14,uniform,minkowski,0.8108108108108109,0.8461538461538461
20,14,distance,euclidean,1.0,0.8923076923076924
20,14,distance,manhattan,1.0,0.8769230769230769
20,14,distance,chebyshev,1.0,0.8076923076923077
20,14,distance,minkowski,1.0,0.8923076923076924
20,15,uniform,euclidean,0.8204633204633205,0.8615384615384616
20,15,uniform,manhattan,0.8301158301158301,0.8153846153846154
20,15,uniform,chebyshev,0.803088803088803,0.8076923076923077
20,15,uniform,minkowski,0.8204633204633205,0.8615384615384616
20,15,distance,euclidean,1.0,0.8923076923076924
20,15,distance,manhattan,1.0,0.8846153846153846
20,15,distance,chebyshev,1.0,0.8307692307692308
20,15,distance,minkowski,1.0,0.8923076923076924
20,16,uniform,euclidean,0.8185328185328186,0.823076923076923
20,16,uniform,manhattan,0.8378378378378378,0.8076923076923077
20,16,uniform,chebyshev,0.7915057915057915,0.7692307692307693
20,16,uniform,minkowski,0.8185328185328186,0.823076923076923
20,16,distance,euclidean,1.0,0.8692307692307693
20,16,distance,manhattan,1.0,0.8692307692307693
20,16,distance,chebyshev,1.0,0.8307692307692308
20,16,distance,minkowski,1.0,0.8692307692307693
20,17,uniform,euclidean,0.805019305019305,0.8384615384615385
20,17,uniform,manhattan,0.8204633204633205,0.7846153846153846
20,17,uniform,chebyshev,0.7857142857142857,0.7769230769230769
20,17,uniform,minkowski,0.805019305019305,0.8384615384615385
20,17,distance,euclidean,1.0,0.8846153846153846
20,17,distance,manhattan,1.0,0.8615384615384616
20,17,distance,chebyshev,1.0,0.8307692307692308
20,17,distance,minkowski,1.0,0.8846153846153846
20,18,uniform,euclidean,0.8088803088803089,0.8076923076923077
20,18,uniform,manhattan,0.8146718146718147,0.8153846153846154
20,18,uniform,chebyshev,0.7876447876447876,0.7692307692307693
20,18,uniform,minkowski,0.8088803088803089,0.8076923076923077
20,18,distance,euclidean,1.0,0.8692307692307693
20,18,distance,manhattan,1.0,0.8538461538461538
20,18,distance,chebyshev,1.0,0.823076923076923
20,18,distance,minkowski,1.0,0.8692307692307693
20,19,uniform,euclidean,0.8011583011583011,0.8384615384615385
20,19,uniform,manhattan,0.8108108108108109,0.7692307692307693
20,19,uniform,chebyshev,0.7915057915057915,0.7846153846153846
20,19,uniform,minkowski,0.8011583011583011,0.8384615384615385
20,19,distance,euclidean,1.0,0.8769230769230769
20,19,distance,manhattan,1.0,0.8615384615384616
20,19,distance,chebyshev,1.0,0.8153846153846154
20,19,distance,minkowski,1.0,0.8769230769230769
20,20,uniform,euclidean,0.7953667953667953,0.823076923076923
20,20,uniform,manhattan,0.7895752895752896,0.7923076923076923
20,20,uniform,chebyshev,0.7915057915057915,0.7846153846153846
20,20,uniform,minkowski,0.7953667953667953,0.823076923076923
20,20,distance,euclidean,1.0,0.8692307692307693
20,20,distance,manhattan,1.0,0.8538461538461538
20,20,distance,chebyshev,1.0,0.8153846153846154
20,20,distance,minkowski,1.0,0.8692307692307693
30,1,uniform,euclidean,1.0,0.8307692307692308
30,1,uniform,manhattan,1.0,0.8923076923076924
30,1,uniform,chebyshev,1.0,0.8
30,1,uniform,minkowski,1.0,0.8307692307692308
30,1,distance,euclidean,1.0,0.8307692307692308
30,1,distance,manhattan,1.0,0.8923076923076924
30,1,distance,chebyshev,1.0,0.8
30,1,distance,minkowski,1.0,0.8307692307692308
30,2,uniform,euclidean,0.9034749034749034,0.8384615384615385
30,2,uniform,manhattan,0.9343629343629344,0.9076923076923077
30,2,uniform,chebyshev,0.8822393822393823,0.7692307692307693
30,2,uniform,minkowski,0.9034749034749034,0.8384615384615385
30,2,distance,euclidean,1.0,0.8307692307692308
30,2,distance,manhattan,1.0,0.8923076923076924
30,2,distance,chebyshev,1.0,0.8
30,2,distance,minkowski,1.0,0.8307692307692308
30,3,uniform,euclidean,0.9111969111969112,0.823076923076923
30,3,uniform,manhattan,0.9305019305019305,0.8846153846153846
30,3,uniform,chebyshev,0.8822393822393823,0.7461538461538462
30,3,uniform,minkowski,0.9111969111969112,0.823076923076923
30,3,distance,euclidean,1.0,0.8307692307692308
30,3,distance,manhattan,1.0,0.8923076923076924
30,3,distance,chebyshev,1.0,0.7538461538461538
30,3,distance,minkowski,1.0,0.8307692307692308
30,4,uniform,euclidean,0.88996138996139,0.8307692307692308
30,4,uniform,manhattan,0.918918918918919,0.8846153846153846
30,4,uniform,chebyshev,0.861003861003861,0.7538461538461538
30,4,uniform,minkowski,0.88996138996139,0.8307692307692308
30,4,distance,euclidean,1.0,0.8384615384615385
30,4,distance,manhattan,1.0,0.8692307692307693
30,4,distance,chebyshev,1.0,0.7538461538461538
30,4,distance,minkowski,1.0,0.8384615384615385
30,5,uniform,euclidean,0.8822393822393823,0.8076923076923077
30,5,uniform,manhattan,0.9073359073359073,0.8461538461538461
30,5,uniform,chebyshev,0.8494208494208494,0.8
30,5,uniform,minkowski,0.8822393822393823,0.8076923076923077
30,5,distance,euclidean,1.0,0.8307692307692308
30,5,distance,manhattan,1.0,0.8461538461538461
30,5,distance,chebyshev,1.0,0.7615384615384615
30,5,distance,minkowski,1.0,0.8307692307692308
30,6,uniform,euclidean,0.8513513513513513,0.8153846153846154
30,6,uniform,manhattan,0.8918918918918919,0.8615384615384616
30,6,uniform,chebyshev,0.8513513513513513,0.7615384615384615
30,6,uniform,minkowski,0.8513513513513513,0.8153846153846154
30,6,distance,euclidean,1.0,0.823076923076923
30,6,distance,manhattan,1.0,0.8692307692307693
30,6,distance,chebyshev,1.0,0.7538461538461538
30,6,distance,minkowski,1.0,0.823076923076923
30,7,uniform,euclidean,0.8494208494208494,0.8
30,7,uniform,manhattan,0.8996138996138996,0.8307692307692308
30,7,uniform,chebyshev,0.8474903474903475,0.7846153846153846
30,7,uniform,minkowski,0.8494208494208494,0.8
30,7,distance,euclidean,1.0,0.8076923076923077
30,7,distance,manhattan,1.0,0.8384615384615385
30,7,distance,chebyshev,1.0,0.7384615384615385
30,7,distance,minkowski,1.0,0.8076923076923077
30,8,uniform,euclidean,0.8532818532818532,0.7538461538461538
30,8,uniform,manhattan,0.8745173745173745,0.823076923076923
30,8,uniform,chebyshev,0.8223938223938224,0.7692307692307693
30,8,uniform,minkowski,0.8532818532818532,0.7538461538461538
30,8,distance,euclidean,1.0,0.8076923076923077
30,8,distance,manhattan,1.0,0.8307692307692308
30,8,distance,chebyshev,1.0,0.7615384615384615
30,8,distance,minkowski,1.0,0.8076923076923077
30,9,uniform,euclidean,0.8281853281853282,0.7692307692307693
30,9,uniform,manhattan,0.8687258687258688,0.8153846153846154
30,9,uniform,chebyshev,0.8166023166023166,0.8076923076923077
30,9,uniform,minkowski,0.8281853281853282,0.7692307692307693
30,9,distance,euclidean,1.0,0.7923076923076923
30,9,distance,manhattan,1.0,0.8461538461538461
30,9,distance,chebyshev,1.0,0.7769230769230769
30,9,distance,minkowski,1.0,0.7923076923076923
30,10,uniform,euclidean,0.8474903474903475,0.7923076923076923
30,10,uniform,manhattan,0.8648648648648649,0.8461538461538461
30,10,uniform,chebyshev,0.803088803088803,0.7769230769230769
30,10,uniform,minkowski,0.8474903474903475,0.7923076923076923
30,10,distance,euclidean,1.0,0.8307692307692308
30,10,distance,manhattan,1.0,0.8461538461538461
30,10,distance,chebyshev,1.0,0.7692307692307693
30,10,distance,minkowski,1.0,0.8307692307692308
30,11,uniform,euclidean,0.8281853281853282,0.8307692307692308
30,11,uniform,manhattan,0.859073359073359,0.823076923076923
30,11,uniform,chebyshev,0.8127413127413128,0.8153846153846154
30,11,uniform,minkowski,0.8281853281853282,0.8307692307692308
30,11,distance,euclidean,1.0,0.823076923076923
30,11,distance,manhattan,1.0,0.8538461538461538
30,11,distance,chebyshev,1.0,0.7846153846153846
30,11,distance,minkowski,1.0,0.823076923076923
30,12,uniform,euclidean,0.8281853281853282,0.8307692307692308
30,12,uniform,manhattan,0.8378378378378378,0.8538461538461538
30,12,uniform,chebyshev,0.8088803088803089,0.7923076923076923
30,12,uniform,minkowski,0.8281853281853282,0.8307692307692308
30,12,distance,euclidean,1.0,0.8615384615384616
30,12,distance,manhattan,1.0,0.8538461538461538
30,12,distance,chebyshev,1.0,0.8
30,12,distance,minkowski,1.0,0.8615384615384616
30,13,uniform,euclidean,0.8127413127413128,0.8307692307692308
30,13,uniform,manhattan,0.8146718146718147,0.8538461538461538
30,13,uniform,chebyshev,0.805019305019305,0.7692307692307693
30,13,uniform,minkowski,0.8127413127413128,0.8307692307692308
30,13,distance,euclidean,1.0,0.8307692307692308
30,13,distance,manhattan,1.0,0.8769230769230769
30,13,distance,chebyshev,1.0,0.7846153846153846
30,13,distance,minkowski,1.0,0.8307692307692308
30,14,uniform,euclidean,0.805019305019305,0.823076923076923
30,14,uniform,manhattan,0.8243243243243243,0.8076923076923077
30,14,uniform,chebyshev,0.803088803088803,0.7461538461538462
30,14,uniform,minkowski,0.805019305019305,0.823076923076923
30,14,distance,euclidean,1.0,0.8692307692307693
30,14,distance,manhattan,1.0,0.8615384615384616
30,14,distance,chebyshev,1.0,0.7846153846153846
30,14,distance,minkowski,1.0,0.8692307692307693
30,15,uniform,euclidean,0.803088803088803,0.8384615384615385
30,15,uniform,manhattan,0.8127413127413128,0.8076923076923077
30,15,uniform,chebyshev,0.7857142857142857,0.7615384615384615
30,15,uniform,minkowski,0.803088803088803,0.8384615384615385
30,15,distance,euclidean,1.0,0.8692307692307693
30,15,distance,manhattan,1.0,0.8384615384615385
30,15,distance,chebyshev,1.0,0.8
30,15,distance,minkowski,1.0,0.8692307692307693
30,16,uniform,euclidean,0.7992277992277992,0.8076923076923077
30,16,uniform,manhattan,0.8127413127413128,0.7461538461538462
30,16,uniform,chebyshev,0.7799227799227799,0.7384615384615385
30,16,uniform,minkowski,0.7992277992277992,0.8076923076923077
30,16,distance,euclidean,1.0,0.8538461538461538
30,16,distance,manhattan,1.0,0.8461538461538461
30,16,distance,chebyshev,1.0,0.7923076923076923
30,16,distance,minkowski,1.0,0.8538461538461538
30,17,uniform,euclidean,0.8011583011583011,0.8
30,17,uniform,manhattan,0.7915057915057915,0.7692307692307693
30,17,uniform,chebyshev,0.7818532818532818,0.7692307692307693
30,17,uniform,minkowski,0.8011583011583011,0.8
30,17,distance,euclidean,1.0,0.8307692307692308
30,17,distance,manhattan,1.0,0.8153846153846154
30,17,distance,chebyshev,1.0,0.8
30,17,distance,minkowski,1.0,0.8307692307692308
30,18,uniform,euclidean,0.7972972972972973,0.7461538461538462
30,18,uniform,manhattan,0.7857142857142857,0.7153846153846154
30,18,uniform,chebyshev,0.7818532818532818,0.7692307692307693
30,18,uniform,minkowski,0.7972972972972973,0.7461538461538462
30,18,distance,euclidean,1.0,0.8307692307692308
30,18,distance,manhattan,1.0,0.8
30,18,distance,chebyshev,1.0,0.8
30,18,distance,minkowski,1.0,0.8307692307692308
30,19,uniform,euclidean,0.7857142857142857,0.7615384615384615
30,19,uniform,manhattan,0.7818532818532818,0.7461538461538462
30,19,uniform,chebyshev,0.7702702702702703,0.7307692307692307
30,19,uniform,minkowski,0.7857142857142857,0.7615384615384615
30,19,distance,euclidean,1.0,0.8076923076923077
30,19,distance,manhattan,1.0,0.7923076923076923
30,19,distance,chebyshev,1.0,0.8
30,19,distance,minkowski,1.0,0.8076923076923077
30,20,uniform,euclidean,0.777992277992278,0.7384615384615385
30,20,uniform,manhattan,0.7799227799227799,0.7461538461538462
30,20,uniform,chebyshev,0.7760617760617761,0.7461538461538462
30,20,uniform,minkowski,0.777992277992278,0.7384615384615385
30,20,distance,euclidean,1.0,0.8076923076923077
30,20,distance,manhattan,1.0,0.8
30,20,distance,chebyshev,1.0,0.7923076923076923
30,20,distance,minkowski,1.0,0.8076923076923077
40,1,uniform,euclidean,1.0,0.8307692307692308
40,1,uniform,manhattan,1.0,0.8769230769230769
40,1,uniform,chebyshev,1.0,0.8076923076923077
40,1,uniform,minkowski,1.0,0.8307692307692308
40,1,distance,euclidean,1.0,0.8307692307692308
40,1,distance,manhattan,1.0,0.8769230769230769
40,1,distance,chebyshev,1.0,0.8076923076923077
40,1,distance,minkowski,1.0,0.8307692307692308
40,2,uniform,euclidean,0.8938223938223938,0.823076923076923
40,2,uniform,manhattan,0.9324324324324325,0.8923076923076924
40,2,uniform,chebyshev,0.888030888030888,0.7538461538461538
40,2,uniform,minkowski,0.8938223938223938,0.823076923076923
40,2,distance,euclidean,1.0,0.8307692307692308
40,2,distance,manhattan,1.0,0.8769230769230769
40,2,distance,chebyshev,1.0,0.8076923076923077
40,2,distance,minkowski,1.0,0.8307692307692308
40,3,uniform,euclidean,0.8938223938223938,0.823076923076923
40,3,uniform,manhattan,0.9131274131274131,0.9
40,3,uniform,chebyshev,0.8687258687258688,0.7538461538461538
40,3,uniform,minkowski,0.8938223938223938,0.823076923076923
40,3,distance,euclidean,1.0,0.823076923076923
40,3,distance,manhattan,1.0,0.9
40,3,distance,chebyshev,1.0,0.7538461538461538
40,3,distance,minkowski,1.0,0.823076923076923
40,4,uniform,euclidean,0.888030888030888,0.8076923076923077
40,4,uniform,manhattan,0.9054054054054054,0.8923076923076924
40,4,uniform,chebyshev,0.861003861003861,0.7538461538461538
40,4,uniform,minkowski,0.888030888030888,0.8076923076923077
40,4,distance,euclidean,1.0,0.823076923076923
40,4,distance,manhattan,1.0,0.8846153846153846
40,4,distance,chebyshev,1.0,0.7461538461538462
40,4,distance,minkowski,1.0,0.823076923076923
40,5,uniform,euclidean,0.8667953667953668,0.7923076923076923
40,5,uniform,manhattan,0.8996138996138996,0.8384615384615385
40,5,uniform,chebyshev,0.8494208494208494,0.7538461538461538
40,5,uniform,minkowski,0.8667953667953668,0.7923076923076923
40,5,distance,euclidean,1.0,0.8307692307692308
40,5,distance,manhattan,1.0,0.8384615384615385
40,5,distance,chebyshev,1.0,0.7461538461538462
40,5,distance,minkowski,1.0,0.8307692307692308
40,6,uniform,euclidean,0.8455598455598455,0.7846153846153846
40,6,uniform,manhattan,0.8764478764478765,0.8384615384615385
40,6,uniform,chebyshev,0.8416988416988417,0.7384615384615385
40,6,uniform,minkowski,0.8455598455598455,0.7846153846153846
40,6,distance,euclidean,1.0,0.8076923076923077
40,6,distance,manhattan,1.0,0.8384615384615385
40,6,distance,chebyshev,1.0,0.7615384615384615
40,6,distance,minkowski,1.0,0.8076923076923077
40,7,uniform,euclidean,0.8436293436293436,0.7923076923076923
40,7,uniform,manhattan,0.8861003861003861,0.7846153846153846
40,7,uniform,chebyshev,0.8397683397683398,0.7615384615384615
40,7,uniform,minkowski,0.8436293436293436,0.7923076923076923
40,7,distance,euclidean,1.0,0.8
40,7,distance,manhattan,1.0,0.8461538461538461
40,7,distance,chebyshev,1.0,0.7461538461538462
40,7,distance,minkowski,1.0,0.8
40,8,uniform,euclidean,0.8532818532818532,0.7923076923076923
40,8,uniform,manhattan,0.862934362934363,0.8076923076923077
40,8,uniform,chebyshev,0.8204633204633205,0.7230769230769231
40,8,uniform,minkowski,0.8532818532818532,0.7923076923076923
40,8,distance,euclidean,1.0,0.823076923076923
40,8,distance,manhattan,1.0,0.8461538461538461
40,8,distance,chebyshev,1.0,0.7692307692307693
40,8,distance,minkowski,1.0,0.823076923076923
40,9,uniform,euclidean,0.8223938223938224,0.7769230769230769
40,9,uniform,manhattan,0.8513513513513513,0.8153846153846154
40,9,uniform,chebyshev,0.8223938223938224,0.7461538461538462
40,9,uniform,minkowski,0.8223938223938224,0.7769230769230769
40,9,distance,euclidean,1.0,0.8
40,9,distance,manhattan,1.0,0.8461538461538461
40,9,distance,chebyshev,1.0,0.7692307692307693
40,9,distance,minkowski,1.0,0.8
40,10,uniform,euclidean,0.8359073359073359,0.7769230769230769
40,10,uniform,manhattan,0.8532818532818532,0.8
40,10,uniform,chebyshev,0.8262548262548263,0.7461538461538462
40,10,uniform,minkowski,0.8359073359073359,0.7769230769230769
40,10,distance,euclidean,1.0,0.8076923076923077
40,10,distance,manhattan,1.0,0.823076923076923
40,10,distance,chebyshev,1.0,0.7538461538461538
40,10,distance,minkowski,1.0,0.8076923076923077
40,11,uniform,euclidean,0.8088803088803089,0.7846153846153846
40,11,uniform,manhattan,0.8359073359073359,0.7769230769230769
40,11,uniform,chebyshev,0.8146718146718147,0.7384615384615385
40,11,uniform,minkowski,0.8088803088803089,0.7846153846153846
40,11,distance,euclidean,1.0,0.8076923076923077
40,11,distance,manhattan,1.0,0.8384615384615385
40,11,distance,chebyshev,1.0,0.7538461538461538
40,11,distance,minkowski,1.0,0.8076923076923077
40,12,uniform,euclidean,0.8127413127413128,0.7769230769230769
40,12,uniform,manhattan,0.8281853281853282,0.7846153846153846
40,12,uniform,chebyshev,0.7992277992277992,0.7384615384615385
40,12,uniform,minkowski,0.8127413127413128,0.7769230769230769
40,12,distance,euclidean,1.0,0.8
40,12,distance,manhattan,1.0,0.8
40,12,distance,chebyshev,1.0,0.7538461538461538
40,12,distance,minkowski,1.0,0.8
40,13,uniform,euclidean,0.7992277992277992,0.7461538461538462
40,13,uniform,manhattan,0.8262548262548263,0.7692307692307693
40,13,uniform,chebyshev,0.7934362934362934,0.7461538461538462
40,13,uniform,minkowski,0.7992277992277992,0.7461538461538462
40,13,distance,euclidean,1.0,0.7769230769230769
40,13,distance,manhattan,1.0,0.823076923076923
40,13,distance,chebyshev,1.0,0.7692307692307693
40,13,distance,minkowski,1.0,0.7769230769230769
40,14,uniform,euclidean,0.8088803088803089,0.7769230769230769
40,14,uniform,manhattan,0.8185328185328186,0.7846153846153846
40,14,uniform,chebyshev,0.7818532818532818,0.7076923076923077
40,14,uniform,minkowski,0.8088803088803089,0.7769230769230769
40,14,distance,euclidean,1.0,0.8076923076923077
40,14,distance,manhattan,1.0,0.7923076923076923
40,14,distance,chebyshev,1.0,0.7692307692307693
40,14,distance,minkowski,1.0,0.8076923076923077
40,15,uniform,euclidean,0.7837837837837838,0.7538461538461538
40,15,uniform,manhattan,0.806949806949807,0.7846153846153846
40,15,uniform,chebyshev,0.7760617760617761,0.7461538461538462
40,15,uniform,minkowski,0.7837837837837838,0.7538461538461538
40,15,distance,euclidean,1.0,0.7769230769230769
40,15,distance,manhattan,1.0,0.8307692307692308
40,15,distance,chebyshev,1.0,0.7692307692307693
40,15,distance,minkowski,1.0,0.7769230769230769
40,16,uniform,euclidean,0.7915057915057915,0.7769230769230769
40,16,uniform,manhattan,0.806949806949807,0.7615384615384615
40,16,uniform,chebyshev,0.7644787644787645,0.7461538461538462
40,16,uniform,minkowski,0.7915057915057915,0.7769230769230769
40,16,distance,euclidean,1.0,0.8
40,16,distance,manhattan,1.0,0.8153846153846154
40,16,distance,chebyshev,1.0,0.7769230769230769
40,16,distance,minkowski,1.0,0.8
40,17,uniform,euclidean,0.7664092664092664,0.7615384615384615
40,17,uniform,manhattan,0.805019305019305,0.7538461538461538
40,17,uniform,chebyshev,0.7644787644787645,0.7615384615384615
40,17,uniform,minkowski,0.7664092664092664,0.7615384615384615
40,17,distance,euclidean,1.0,0.8
40,17,distance,manhattan,1.0,0.8076923076923077
40,17,distance,chebyshev,1.0,0.7769230769230769
40,17,distance,minkowski,1.0,0.8
40,18,uniform,euclidean,0.7625482625482626,0.7615384615384615
40,18,uniform,manhattan,0.7992277992277992,0.7461538461538462
40,18,uniform,chebyshev,0.7722007722007722,0.7384615384615385
40,18,uniform,minkowski,0.7625482625482626,0.7615384615384615
40,18,distance,euclidean,1.0,0.7923076923076923
40,18,distance,manhattan,1.0,0.7923076923076923
40,18,distance,chebyshev,1.0,0.7615384615384615
40,18,distance,minkowski,1.0,0.7923076923076923
40,19,uniform,euclidean,0.749034749034749,0.7538461538461538
40,19,uniform,manhattan,0.7895752895752896,0.7384615384615385
40,19,uniform,chebyshev,0.7586872586872587,0.7384615384615385
40,19,uniform,minkowski,0.749034749034749,0.7538461538461538
40,19,distance,euclidean,1.0,0.8
40,19,distance,manhattan,1.0,0.7846153846153846
40,19,distance,chebyshev,1.0,0.7769230769230769
40,19,distance,minkowski,1.0,0.8
40,20,uniform,euclidean,0.7625482625482626,0.7538461538461538
40,20,uniform,manhattan,0.7760617760617761,0.7384615384615385
40,20,uniform,chebyshev,0.747104247104247,0.6923076923076923
40,20,uniform,minkowski,0.7625482625482626,0.7538461538461538
40,20,distance,euclidean,1.0,0.7846153846153846
40,20,distance,manhattan,1.0,0.7769230769230769
40,20,distance,chebyshev,1.0,0.7846153846153846
40,20,distance,minkowski,1.0,0.7846153846153846
50,1,uniform,euclidean,1.0,0.8153846153846154
50,1,uniform,manhattan,1.0,0.8461538461538461
50,1,uniform,chebyshev,1.0,0.7615384615384615
50,1,uniform,minkowski,1.0,0.8153846153846154
50,1,distance,euclidean,1.0,0.8153846153846154
50,1,distance,manhattan,1.0,0.8461538461538461
50,1,distance,chebyshev,1.0,0.7615384615384615
50,1,distance,minkowski,1.0,0.8153846153846154
50,2,uniform,euclidean,0.9208494208494209,0.823076923076923
50,2,uniform,manhattan,0.9478764478764479,0.8846153846153846
50,2,uniform,chebyshev,0.9131274131274131,0.7307692307692307
50,2,uniform,minkowski,0.9208494208494209,0.823076923076923
50,2,distance,euclidean,1.0,0.8153846153846154
50,2,distance,manhattan,1.0,0.8461538461538461
50,2,distance,chebyshev,1.0,0.7615384615384615
50,2,distance,minkowski,1.0,0.8153846153846154
50,3,uniform,euclidean,0.916988416988417,0.8153846153846154
50,3,uniform,manhattan,0.9247104247104247,0.8923076923076924
50,3,uniform,chebyshev,0.8976833976833977,0.7230769230769231
50,3,uniform,minkowski,0.916988416988417,0.8153846153846154
50,3,distance,euclidean,1.0,0.8307692307692308
50,3,distance,manhattan,1.0,0.9076923076923077
50,3,distance,chebyshev,1.0,0.7153846153846154
50,3,distance,minkowski,1.0,0.8307692307692308
50,4,uniform,euclidean,0.8996138996138996,0.8
50,4,uniform,manhattan,0.9227799227799228,0.8769230769230769
50,4,uniform,chebyshev,0.8648648648648649,0.7
50,4,uniform,minkowski,0.8996138996138996,0.8
50,4,distance,euclidean,1.0,0.823076923076923
50,4,distance,manhattan,1.0,0.8769230769230769
50,4,distance,chebyshev,1.0,0.7384615384615385
50,4,distance,minkowski,1.0,0.823076923076923
50,5,uniform,euclidean,0.8938223938223938,0.8307692307692308
50,5,uniform,manhattan,0.9111969111969112,0.8692307692307693
50,5,uniform,chebyshev,0.8513513513513513,0.7461538461538462
50,5,uniform,minkowski,0.8938223938223938,0.8307692307692308
50,5,distance,euclidean,1.0,0.8461538461538461
50,5,distance,manhattan,1.0,0.8769230769230769
50,5,distance,chebyshev,1.0,0.7461538461538462
50,5,distance,minkowski,1.0,0.8461538461538461
50,6,uniform,euclidean,0.8822393822393823,0.8153846153846154
50,6,uniform,manhattan,0.8976833976833977,0.8615384615384616
50,6,uniform,chebyshev,0.832046332046332,0.7230769230769231
50,6,uniform,minkowski,0.8822393822393823,0.8153846153846154
50,6,distance,euclidean,1.0,0.8076923076923077
50,6,distance,manhattan,1.0,0.8769230769230769
50,6,distance,chebyshev,1.0,0.7384615384615385
50,6,distance,minkowski,1.0,0.8076923076923077
50,7,uniform,euclidean,0.8687258687258688,0.8076923076923077
50,7,uniform,manhattan,0.8803088803088803,0.8384615384615385
50,7,uniform,chebyshev,0.833976833976834,0.7615384615384615
50,7,uniform,minkowski,0.8687258687258688,0.8076923076923077
50,7,distance,euclidean,1.0,0.8153846153846154
50,7,distance,manhattan,1.0,0.8538461538461538
50,7,distance,chebyshev,1.0,0.7615384615384615
50,7,distance,minkowski,1.0,0.8153846153846154
50,8,uniform,euclidean,0.8416988416988417,0.7923076923076923
50,8,uniform,manhattan,0.8725868725868726,0.8076923076923077
50,8,uniform,chebyshev,0.8185328185328186,0.7384615384615385
50,8,uniform,minkowski,0.8416988416988417,0.7923076923076923
50,8,distance,euclidean,1.0,0.8
50,8,distance,manhattan,1.0,0.8538461538461538
50,8,distance,chebyshev,1.0,0.7538461538461538
50,8,distance,minkowski,1.0,0.8
50,9,uniform,euclidean,0.8552123552123552,0.7846153846153846
50,9,uniform,manhattan,0.8667953667953668,0.8
50,9,uniform,chebyshev,0.8127413127413128,0.7307692307692307
50,9,uniform,minkowski,0.8552123552123552,0.7846153846153846
50,9,distance,euclidean,1.0,0.8153846153846154
50,9,distance,manhattan,1.0,0.8307692307692308
50,9,distance,chebyshev,1.0,0.7538461538461538
50,9,distance,minkowski,1.0,0.8153846153846154
50,10,uniform,euclidean,0.8378378378378378,0.7846153846153846
50,10,uniform,manhattan,0.8552123552123552,0.7692307692307693
50,10,uniform,chebyshev,0.8166023166023166,0.7461538461538462
50,10,uniform,minkowski,0.8378378378378378,0.7846153846153846
50,10,distance,euclidean,1.0,0.7923076923076923
50,10,distance,manhattan,1.0,0.8384615384615385
50,10,distance,chebyshev,1.0,0.7615384615384615
50,10,distance,minkowski,1.0,0.7923076923076923
50,11,uniform,euclidean,0.8281853281853282,0.7846153846153846
50,11,uniform,manhattan,0.8262548262548263,0.7769230769230769
50,11,uniform,chebyshev,0.8011583011583011,0.7384615384615385
50,11,uniform,minkowski,0.8281853281853282,0.7846153846153846
50,11,distance,euclidean,1.0,0.823076923076923
50,11,distance,manhattan,1.0,0.8461538461538461
50,11,distance,chebyshev,1.0,0.7615384615384615
50,11,distance,minkowski,1.0,0.823076923076923
50,12,uniform,euclidean,0.8223938223938224,0.7461538461538462
50,12,uniform,manhattan,0.8166023166023166,0.7538461538461538
50,12,uniform,chebyshev,0.7972972972972973,0.7615384615384615
50,12,uniform,minkowski,0.8223938223938224,0.7461538461538462
50,12,distance,euclidean,1.0,0.7923076923076923
50,12,distance,manhattan,1.0,0.8384615384615385
50,12,distance,chebyshev,1.0,0.7692307692307693
50,12,distance,minkowski,1.0,0.7923076923076923
50,13,uniform,euclidean,0.8146718146718147,0.7538461538461538
50,13,uniform,manhattan,0.8204633204633205,0.7615384615384615
50,13,uniform,chebyshev,0.7934362934362934,0.7384615384615385
50,13,uniform,minkowski,0.8146718146718147,0.7538461538461538
50,13,distance,euclidean,1.0,0.7769230769230769
50,13,distance,manhattan,1.0,0.8384615384615385
50,13,distance,chebyshev,1.0,0.7615384615384615
50,13,distance,minkowski,1.0,0.7769230769230769
50,14,uniform,euclidean,0.805019305019305,0.7230769230769231
50,14,uniform,manhattan,0.8262548262548263,0.7692307692307693
50,14,uniform,chebyshev,0.7722007722007722,0.6846153846153846
50,14,uniform,minkowski,0.805019305019305,0.7230769230769231
50,14,distance,euclidean,1.0,0.7923076923076923
50,14,distance,manhattan,1.0,0.8307692307692308
50,14,distance,chebyshev,1.0,0.7769230769230769
50,14,distance,minkowski,1.0,0.7923076923076923
50,15,uniform,euclidean,0.7876447876447876,0.7538461538461538
50,15,uniform,manhattan,0.806949806949807,0.7846153846153846
50,15,uniform,chebyshev,0.7741312741312741,0.6923076923076923
50,15,uniform,minkowski,0.7876447876447876,0.7538461538461538
50,15,distance,euclidean,1.0,0.8076923076923077
50,15,distance,manhattan,1.0,0.8461538461538461
50,15,distance,chebyshev,1.0,0.7384615384615385
50,15,distance,minkowski,1.0,0.8076923076923077
50,16,uniform,euclidean,0.7741312741312741,0.7538461538461538
50,16,uniform,manhattan,0.7953667953667953,0.7846153846153846
50,16,uniform,chebyshev,0.7606177606177607,0.6692307692307692
50,16,uniform,minkowski,0.7741312741312741,0.7538461538461538
50,16,distance,euclidean,1.0,0.8
50,16,distance,manhattan,1.0,0.8307692307692308
50,16,distance,chebyshev,1.0,0.7538461538461538
50,16,distance,minkowski,1.0,0.8
50,17,uniform,euclidean,0.7818532818532818,0.7615384615384615
50,17,uniform,manhattan,0.803088803088803,0.7846153846153846
50,17,uniform,chebyshev,0.7586872586872587,0.6846153846153846
50,17,uniform,minkowski,0.7818532818532818,0.7615384615384615
50,17,distance,euclidean,1.0,0.8076923076923077
50,17,distance,manhattan,1.0,0.8153846153846154
50,17,distance,chebyshev,1.0,0.7461538461538462
50,17,distance,minkowski,1.0,0.8076923076923077
50,18,uniform,euclidean,0.7760617760617761,0.7538461538461538
50,18,uniform,manhattan,0.7915057915057915,0.7692307692307693
50,18,uniform,chebyshev,0.7625482625482626,0.676923076923077
50,18,uniform,minkowski,0.7760617760617761,0.7538461538461538
50,18,distance,euclidean,1.0,0.7846153846153846
50,18,distance,manhattan,1.0,0.8461538461538461
50,18,distance,chebyshev,1.0,0.7538461538461538
50,18,distance,minkowski,1.0,0.7846153846153846
50,19,uniform,euclidean,0.7760617760617761,0.7538461538461538
50,19,uniform,manhattan,0.7934362934362934,0.7846153846153846
50,19,uniform,chebyshev,0.749034749034749,0.7
50,19,uniform,minkowski,0.7760617760617761,0.7538461538461538
50,19,distance,euclidean,1.0,0.8153846153846154
50,19,distance,manhattan,1.0,0.8538461538461538
50,19,distance,chebyshev,1.0,0.7538461538461538
50,19,distance,minkowski,1.0,0.8153846153846154
50,20,uniform,euclidean,0.7837837837837838,0.7615384615384615
50,20,uniform,manhattan,0.7702702702702703,0.7846153846153846
50,20,uniform,chebyshev,0.7567567567567568,0.7
50,20,uniform,minkowski,0.7837837837837838,0.7615384615384615
50,20,distance,euclidean,1.0,0.8076923076923077
50,20,distance,manhattan,1.0,0.8461538461538461
50,20,distance,chebyshev,1.0,0.7538461538461538
50,20,distance,minkowski,1.0,0.8076923076923077
60,1,uniform,euclidean,1.0,0.8692307692307693
60,1,uniform,manhattan,1.0,0.8461538461538461
60,1,uniform,chebyshev,1.0,0.8
60,1,uniform,minkowski,1.0,0.8692307692307693
60,1,distance,euclidean,1.0,0.8692307692307693
60,1,distance,manhattan,1.0,0.8461538461538461
60,1,distance,chebyshev,1.0,0.8
60,1,distance,minkowski,1.0,0.8692307692307693
60,2,uniform,euclidean,0.916988416988417,0.8076923076923077
60,2,uniform,manhattan,0.9285714285714286,0.8461538461538461
60,2,uniform,chebyshev,0.8996138996138996,0.7692307692307693
60,2,uniform,minkowski,0.916988416988417,0.8076923076923077
60,2,distance,euclidean,1.0,0.8692307692307693
60,2,distance,manhattan,1.0,0.8461538461538461
60,2,distance,chebyshev,1.0,0.8
60,2,distance,minkowski,1.0,0.8692307692307693
60,3,uniform,euclidean,0.888030888030888,0.8076923076923077
60,3,uniform,manhattan,0.9034749034749034,0.8692307692307693
60,3,uniform,chebyshev,0.8725868725868726,0.7538461538461538
60,3,uniform,minkowski,0.888030888030888,0.8076923076923077
60,3,distance,euclidean,1.0,0.8153846153846154
60,3,distance,manhattan,1.0,0.8769230769230769
60,3,distance,chebyshev,1.0,0.7384615384615385
60,3,distance,minkowski,1.0,0.8153846153846154
60,4,uniform,euclidean,0.8687258687258688,0.8153846153846154
60,4,uniform,manhattan,0.8938223938223938,0.8461538461538461
60,4,uniform,chebyshev,0.8513513513513513,0.7307692307692307
60,4,uniform,minkowski,0.8687258687258688,0.8153846153846154
60,4,distance,euclidean,1.0,0.8384615384615385
60,4,distance,manhattan,1.0,0.8538461538461538
60,4,distance,chebyshev,1.0,0.7538461538461538
60,4,distance,minkowski,1.0,0.8384615384615385
60,5,uniform,euclidean,0.8745173745173745,0.7846153846153846
60,5,uniform,manhattan,0.8918918918918919,0.8307692307692308
60,5,uniform,chebyshev,0.8416988416988417,0.7538461538461538
60,5,uniform,minkowski,0.8745173745173745,0.7846153846153846
60,5,distance,euclidean,1.0,0.8
60,5,distance,manhattan,1.0,0.8538461538461538
60,5,distance,chebyshev,1.0,0.7615384615384615
60,5,distance,minkowski,1.0,0.8
60,6,uniform,euclidean,0.8706563706563707,0.8
60,6,uniform,manhattan,0.8706563706563707,0.8384615384615385
60,6,uniform,chebyshev,0.8359073359073359,0.7384615384615385
60,6,uniform,minkowski,0.8706563706563707,0.8
60,6,distance,euclidean,1.0,0.8153846153846154
60,6,distance,manhattan,1.0,0.8461538461538461
60,6,distance,chebyshev,1.0,0.7692307692307693
60,6,distance,minkowski,1.0,0.8153846153846154
60,7,uniform,euclidean,0.8223938223938224,0.8
60,7,uniform,manhattan,0.8648648648648649,0.8
60,7,uniform,chebyshev,0.8262548262548263,0.7384615384615385
60,7,uniform,minkowski,0.8223938223938224,0.8
60,7,distance,euclidean,1.0,0.7923076923076923
60,7,distance,manhattan,1.0,0.8307692307692308
60,7,distance,chebyshev,1.0,0.7692307692307693
60,7,distance,minkowski,1.0,0.7923076923076923
60,8,uniform,euclidean,0.8166023166023166,0.7769230769230769
60,8,uniform,manhattan,0.8552123552123552,0.7846153846153846
60,8,uniform,chebyshev,0.8185328185328186,0.7461538461538462
60,8,uniform,minkowski,0.8166023166023166,0.7769230769230769
60,8,distance,euclidean,1.0,0.8
60,8,distance,manhattan,1.0,0.8307692307692308
60,8,distance,chebyshev,1.0,0.7538461538461538
60,8,distance,minkowski,1.0,0.8
60,9,uniform,euclidean,0.8088803088803089,0.7692307692307693
60,9,uniform,manhattan,0.833976833976834,0.7769230769230769
60,9,uniform,chebyshev,0.7915057915057915,0.7384615384615385
60,9,uniform,minkowski,0.8088803088803089,0.7692307692307693
60,9,distance,euclidean,1.0,0.8076923076923077
60,9,distance,manhattan,1.0,0.823076923076923
60,9,distance,chebyshev,1.0,0.7615384615384615
60,9,distance,minkowski,1.0,0.8076923076923077
60,10,uniform,euclidean,0.8127413127413128,0.7538461538461538
60,10,uniform,manhattan,0.8301158301158301,0.7615384615384615
60,10,uniform,chebyshev,0.777992277992278,0.7384615384615385
60,10,uniform,minkowski,0.8127413127413128,0.7538461538461538
60,10,distance,euclidean,1.0,0.8153846153846154
60,10,distance,manhattan,1.0,0.8153846153846154
60,10,distance,chebyshev,1.0,0.7692307692307693
60,10,distance,minkowski,1.0,0.8153846153846154
60,11,uniform,euclidean,0.7934362934362934,0.7153846153846154
60,11,uniform,manhattan,0.8146718146718147,0.7692307692307693
60,11,uniform,chebyshev,0.7799227799227799,0.7307692307692307
60,11,uniform,minkowski,0.7934362934362934,0.7153846153846154
60,11,distance,euclidean,1.0,0.7846153846153846
60,11,distance,manhattan,1.0,0.8076923076923077
60,11,distance,chebyshev,1.0,0.7615384615384615
60,11,distance,minkowski,1.0,0.7846153846153846
60,12,uniform,euclidean,0.7972972972972973,0.7076923076923077
60,12,uniform,manhattan,0.8127413127413128,0.7769230769230769
60,12,uniform,chebyshev,0.7818532818532818,0.7230769230769231
60,12,uniform,minkowski,0.7972972972972973,0.7076923076923077
60,12,distance,euclidean,1.0,0.7538461538461538
60,12,distance,manhattan,1.0,0.8
60,12,distance,chebyshev,1.0,0.7692307692307693
60,12,distance,minkowski,1.0,0.7538461538461538
60,13,uniform,euclidean,0.7915057915057915,0.7076923076923077
60,13,uniform,manhattan,0.7857142857142857,0.7692307692307693
60,13,uniform,chebyshev,0.7741312741312741,0.7153846153846154
60,13,uniform,minkowski,0.7915057915057915,0.7076923076923077
60,13,distance,euclidean,1.0,0.8
60,13,distance,manhattan,1.0,0.8307692307692308
60,13,distance,chebyshev,1.0,0.7461538461538462
60,13,distance,minkowski,1.0,0.8
60,14,uniform,euclidean,0.7837837837837838,0.7384615384615385
60,14,uniform,manhattan,0.7876447876447876,0.7538461538461538
60,14,uniform,chebyshev,0.7799227799227799,0.7153846153846154
60,14,uniform,minkowski,0.7837837837837838,0.7384615384615385
60,14,distance,euclidean,1.0,0.8076923076923077
60,14,distance,manhattan,1.0,0.823076923076923
60,14,distance,chebyshev,1.0,0.7538461538461538
60,14,distance,minkowski,1.0,0.8076923076923077
60,15,uniform,euclidean,0.7760617760617761,0.7615384615384615
60,15,uniform,manhattan,0.7818532818532818,0.7538461538461538
60,15,uniform,chebyshev,0.7664092664092664,0.7076923076923077
60,15,uniform,minkowski,0.7760617760617761,0.7615384615384615
60,15,distance,euclidean,1.0,0.8076923076923077
60,15,distance,manhattan,1.0,0.8
60,15,distance,chebyshev,1.0,0.7384615384615385
60,15,distance,minkowski,1.0,0.8076923076923077
60,16,uniform,euclidean,0.777992277992278,0.7230769230769231
60,16,uniform,manhattan,0.7741312741312741,0.7538461538461538
60,16,uniform,chebyshev,0.7683397683397684,0.7076923076923077
60,16,uniform,minkowski,0.777992277992278,0.7230769230769231
60,16,distance,euclidean,1.0,0.7923076923076923
60,16,distance,manhattan,1.0,0.7923076923076923
60,16,distance,chebyshev,1.0,0.7461538461538462
60,16,distance,minkowski,1.0,0.7923076923076923
60,17,uniform,euclidean,0.7683397683397684,0.7076923076923077
60,17,uniform,manhattan,0.7741312741312741,0.7538461538461538
60,17,uniform,chebyshev,0.7567567567567568,0.7153846153846154
60,17,uniform,minkowski,0.7683397683397684,0.7076923076923077
60,17,distance,euclidean,1.0,0.7923076923076923
60,17,distance,manhattan,1.0,0.8076923076923077
60,17,distance,chebyshev,1.0,0.7384615384615385
60,17,distance,minkowski,1.0,0.7923076923076923
60,18,uniform,euclidean,0.7625482625482626,0.7076923076923077
60,18,uniform,manhattan,0.7644787644787645,0.7384615384615385
60,18,uniform,chebyshev,0.747104247104247,0.6846153846153846
60,18,uniform,minkowski,0.7625482625482626,0.7076923076923077
60,18,distance,euclidean,1.0,0.7538461538461538
60,18,distance,manhattan,1.0,0.8076923076923077
60,18,distance,chebyshev,1.0,0.7230769230769231
60,18,distance,minkowski,1.0,0.7538461538461538
60,19,uniform,euclidean,0.7644787644787645,0.7
60,19,uniform,manhattan,0.7625482625482626,0.7307692307692307
60,19,uniform,chebyshev,0.747104247104247,0.6692307692307692
60,19,uniform,minkowski,0.7644787644787645,0.7
60,19,distance,euclidean,1.0,0.7615384615384615
60,19,distance,manhattan,1.0,0.7769230769230769
60,19,distance,chebyshev,1.0,0.7307692307692307
60,19,distance,minkowski,1.0,0.7615384615384615
60,20,uniform,euclidean,0.7683397683397684,0.7076923076923077
60,20,uniform,manhattan,0.7606177606177607,0.7076923076923077
60,20,uniform,chebyshev,0.7451737451737451,0.7
60,20,uniform,minkowski,0.7683397683397684,0.7076923076923077
60,20,distance,euclidean,1.0,0.7461538461538462
60,20,distance,manhattan,1.0,0.8
60,20,distance,chebyshev,1.0,0.7307692307692307
60,20,distance,minkowski,1.0,0.7461538461538462
70,1,uniform,euclidean,1.0,0.8538461538461538
70,1,uniform,manhattan,1.0,0.8538461538461538
70,1,uniform,chebyshev,1.0,0.8384615384615385
70,1,uniform,minkowski,1.0,0.8538461538461538
70,1,distance,euclidean,1.0,0.8538461538461538
70,1,distance,manhattan,1.0,0.8538461538461538
70,1,distance,chebyshev,1.0,0.8384615384615385
70,1,distance,minkowski,1.0,0.8538461538461538
70,2,uniform,euclidean,0.916988416988417,0.8384615384615385
70,2,uniform,manhattan,0.9247104247104247,0.8692307692307693
70,2,uniform,chebyshev,0.8976833976833977,0.7846153846153846
70,2,uniform,minkowski,0.916988416988417,0.8384615384615385
70,2,distance,euclidean,1.0,0.8538461538461538
70,2,distance,manhattan,1.0,0.8538461538461538
70,2,distance,chebyshev,1.0,0.8384615384615385
70,2,distance,minkowski,1.0,0.8538461538461538
70,3,uniform,euclidean,0.9015444015444015,0.8384615384615385
70,3,uniform,manhattan,0.918918918918919,0.8461538461538461
70,3,uniform,chebyshev,0.8841698841698842,0.8384615384615385
70,3,uniform,minkowski,0.9015444015444015,0.8384615384615385
70,3,distance,euclidean,1.0,0.8615384615384616
70,3,distance,manhattan,1.0,0.8538461538461538
70,3,distance,chebyshev,1.0,0.8692307692307693
70,3,distance,minkowski,1.0,0.8615384615384616
70,4,uniform,euclidean,0.8725868725868726,0.8307692307692308
70,4,uniform,manhattan,0.8938223938223938,0.8538461538461538
70,4,uniform,chebyshev,0.859073359073359,0.7769230769230769
70,4,uniform,minkowski,0.8725868725868726,0.8307692307692308
70,4,distance,euclidean,1.0,0.8538461538461538
70,4,distance,manhattan,1.0,0.8461538461538461
70,4,distance,chebyshev,1.0,0.8384615384615385
70,4,distance,minkowski,1.0,0.8538461538461538
70,5,uniform,euclidean,0.8764478764478765,0.8
70,5,uniform,manhattan,0.8957528957528957,0.8461538461538461
70,5,uniform,chebyshev,0.832046332046332,0.7692307692307693
70,5,uniform,minkowski,0.8764478764478765,0.8
70,5,distance,euclidean,1.0,0.8461538461538461
70,5,distance,manhattan,1.0,0.8615384615384616
70,5,distance,chebyshev,1.0,0.8307692307692308
70,5,distance,minkowski,1.0,0.8461538461538461
70,6,uniform,euclidean,0.8552123552123552,0.8153846153846154
70,6,uniform,manhattan,0.8803088803088803,0.8461538461538461
70,6,uniform,chebyshev,0.8359073359073359,0.7769230769230769
70,6,uniform,minkowski,0.8552123552123552,0.8153846153846154
70,6,distance,euclidean,1.0,0.8769230769230769
70,6,distance,manhattan,1.0,0.8615384615384616
70,6,distance,chebyshev,1.0,0.8153846153846154
70,6,distance,minkowski,1.0,0.8769230769230769
70,7,uniform,euclidean,0.8513513513513513,0.7769230769230769
70,7,uniform,manhattan,0.8667953667953668,0.8153846153846154
70,7,uniform,chebyshev,0.8088803088803089,0.7230769230769231
70,7,uniform,minkowski,0.8513513513513513,0.7769230769230769
70,7,distance,euclidean,1.0,0.823076923076923
70,7,distance,manhattan,1.0,0.8461538461538461
70,7,distance,chebyshev,1.0,0.7923076923076923
70,7,distance,minkowski,1.0,0.823076923076923
70,8,uniform,euclidean,0.8455598455598455,0.7769230769230769
70,8,uniform,manhattan,0.8706563706563707,0.8
70,8,uniform,chebyshev,0.805019305019305,0.7384615384615385
70,8,uniform,minkowski,0.8455598455598455,0.7769230769230769
70,8,distance,euclidean,1.0,0.8153846153846154
70,8,distance,manhattan,1.0,0.8538461538461538
70,8,distance,chebyshev,1.0,0.8307692307692308
70,8,distance,minkowski,1.0,0.8153846153846154
70,9,uniform,euclidean,0.8204633204633205,0.7692307692307693
70,9,uniform,manhattan,0.8687258687258688,0.8076923076923077
70,9,uniform,chebyshev,0.803088803088803,0.7461538461538462
70,9,uniform,minkowski,0.8204633204633205,0.7692307692307693
70,9,distance,euclidean,1.0,0.8
70,9,distance,manhattan,1.0,0.8307692307692308
70,9,distance,chebyshev,1.0,0.7846153846153846
70,9,distance,minkowski,1.0,0.8
70,10,uniform,euclidean,0.8243243243243243,0.7384615384615385
70,10,uniform,manhattan,0.8474903474903475,0.7846153846153846
70,10,uniform,chebyshev,0.7953667953667953,0.7076923076923077
70,10,uniform,minkowski,0.8243243243243243,0.7384615384615385
70,10,distance,euclidean,1.0,0.8153846153846154
70,10,distance,manhattan,1.0,0.823076923076923
70,10,distance,chebyshev,1.0,0.8153846153846154
70,10,distance,minkowski,1.0,0.8153846153846154
70,11,uniform,euclidean,0.8108108108108109,0.7692307692307693
70,11,uniform,manhattan,0.8359073359073359,0.7846153846153846
70,11,uniform,chebyshev,0.777992277992278,0.7461538461538462
70,11,uniform,minkowski,0.8108108108108109,0.7692307692307693
70,11,distance,euclidean,1.0,0.823076923076923
70,11,distance,manhattan,1.0,0.823076923076923
70,11,distance,chebyshev,1.0,0.7846153846153846
70,11,distance,minkowski,1.0,0.823076923076923
70,12,uniform,euclidean,0.806949806949807,0.7538461538461538
70,12,uniform,manhattan,0.8281853281853282,0.7769230769230769
70,12,uniform,chebyshev,0.7664092664092664,0.7230769230769231
70,12,uniform,minkowski,0.806949806949807,0.7538461538461538
70,12,distance,euclidean,1.0,0.8307692307692308
70,12,distance,manhattan,1.0,0.8384615384615385
70,12,distance,chebyshev,1.0,0.7769230769230769
70,12,distance,minkowski,1.0,0.8307692307692308
70,13,uniform,euclidean,0.7972972972972973,0.7692307692307693
70,13,uniform,manhattan,0.8088803088803089,0.7615384615384615
70,13,uniform,chebyshev,0.7432432432432432,0.7538461538461538
70,13,uniform,minkowski,0.7972972972972973,0.7692307692307693
70,13,distance,euclidean,1.0,0.8307692307692308
70,13,distance,manhattan,1.0,0.823076923076923
70,13,distance,chebyshev,1.0,0.7923076923076923
70,13,distance,minkowski,1.0,0.8307692307692308
70,14,uniform,euclidean,0.7934362934362934,0.7692307692307693
70,14,uniform,manhattan,0.8108108108108109,0.7384615384615385
70,14,uniform,chebyshev,0.749034749034749,0.7076923076923077
70,14,uniform,minkowski,0.7934362934362934,0.7692307692307693
70,14,distance,euclidean,1.0,0.823076923076923
70,14,distance,manhattan,1.0,0.8153846153846154
70,14,distance,chebyshev,1.0,0.7923076923076923
70,14,distance,minkowski,1.0,0.823076923076923
70,15,uniform,euclidean,0.7895752895752896,0.7846153846153846
70,15,uniform,manhattan,0.803088803088803,0.7461538461538462
70,15,uniform,chebyshev,0.749034749034749,0.7076923076923077
70,15,uniform,minkowski,0.7895752895752896,0.7846153846153846
70,15,distance,euclidean,1.0,0.823076923076923
70,15,distance,manhattan,1.0,0.8
70,15,distance,chebyshev,1.0,0.7538461538461538
70,15,distance,minkowski,1.0,0.823076923076923
70,16,uniform,euclidean,0.7722007722007722,0.7615384615384615
70,16,uniform,manhattan,0.805019305019305,0.7461538461538462
70,16,uniform,chebyshev,0.7567567567567568,0.7076923076923077
70,16,uniform,minkowski,0.7722007722007722,0.7615384615384615
70,16,distance,euclidean,1.0,0.823076923076923
70,16,distance,manhattan,1.0,0.8076923076923077
70,16,distance,chebyshev,1.0,0.7538461538461538
70,16,distance,minkowski,1.0,0.823076923076923
70,17,uniform,euclidean,0.7664092664092664,0.7615384615384615
70,17,uniform,manhattan,0.7934362934362934,0.7307692307692307
70,17,uniform,chebyshev,0.7567567567567568,0.7153846153846154
70,17,uniform,minkowski,0.7664092664092664,0.7615384615384615
70,17,distance,euclidean,1.0,0.8076923076923077
70,17,distance,manhattan,1.0,0.7846153846153846
70,17,distance,chebyshev,1.0,0.7615384615384615
70,17,distance,minkowski,1.0,0.8076923076923077
70,18,uniform,euclidean,0.7586872586872587,0.7615384615384615
70,18,uniform,manhattan,0.7876447876447876,0.7230769230769231
70,18,uniform,chebyshev,0.7374517374517374,0.6846153846153846
70,18,uniform,minkowski,0.7586872586872587,0.7615384615384615
70,18,distance,euclidean,1.0,0.8153846153846154
70,18,distance,manhattan,1.0,0.8153846153846154
70,18,distance,chebyshev,1.0,0.7461538461538462
70,18,distance,minkowski,1.0,0.8153846153846154
70,19,uniform,euclidean,0.7644787644787645,0.7384615384615385
70,19,uniform,manhattan,0.7915057915057915,0.7384615384615385
70,19,uniform,chebyshev,0.7451737451737451,0.6846153846153846
70,19,uniform,minkowski,0.7644787644787645,0.7384615384615385
70,19,distance,euclidean,1.0,0.7769230769230769
70,19,distance,manhattan,1.0,0.8076923076923077
70,19,distance,chebyshev,1.0,0.7538461538461538
70,19,distance,minkowski,1.0,0.7769230769230769
70,20,uniform,euclidean,0.7567567567567568,0.7230769230769231
70,20,uniform,manhattan,0.7741312741312741,0.7384615384615385
70,20,uniform,chebyshev,0.7355212355212355,0.6846153846153846
70,20,uniform,minkowski,0.7567567567567568,0.7230769230769231
70,20,distance,euclidean,1.0,0.8076923076923077
70,20,distance,manhattan,1.0,0.8
70,20,distance,chebyshev,1.0,0.7615384615384615
70,20,distance,minkowski,1.0,0.8076923076923077
80,1,uniform,euclidean,1.0,0.7846153846153846
80,1,uniform,manhattan,1.0,0.8153846153846154
80,1,uniform,chebyshev,1.0,0.7923076923076923
80,1,uniform,minkowski,1.0,0.7846153846153846
80,1,distance,euclidean,1.0,0.7846153846153846
80,1,distance,manhattan,1.0,0.8153846153846154
80,1,distance,chebyshev,1.0,0.7923076923076923
80,1,distance,minkowski,1.0,0.7846153846153846
80,2,uniform,euclidean,0.9015444015444015,0.7769230769230769
80,2,uniform,manhattan,0.9285714285714286,0.823076923076923
80,2,uniform,chebyshev,0.8957528957528957,0.7384615384615385
80,2,uniform,minkowski,0.9015444015444015,0.7769230769230769
80,2,distance,euclidean,1.0,0.7846153846153846
80,2,distance,manhattan,1.0,0.8153846153846154
80,2,distance,chebyshev,1.0,0.7923076923076923
80,2,distance,minkowski,1.0,0.7846153846153846
80,3,uniform,euclidean,0.8687258687258688,0.7538461538461538
80,3,uniform,manhattan,0.8938223938223938,0.7846153846153846
80,3,uniform,chebyshev,0.8783783783783784,0.7230769230769231
80,3,uniform,minkowski,0.8687258687258688,0.7538461538461538
80,3,distance,euclidean,1.0,0.7461538461538462
80,3,distance,manhattan,1.0,0.7923076923076923
80,3,distance,chebyshev,1.0,0.7461538461538462
80,3,distance,minkowski,1.0,0.7461538461538462
80,4,uniform,euclidean,0.8532818532818532,0.7384615384615385
80,4,uniform,manhattan,0.8725868725868726,0.7846153846153846
80,4,uniform,chebyshev,0.8494208494208494,0.7
80,4,uniform,minkowski,0.8532818532818532,0.7384615384615385
80,4,distance,euclidean,1.0,0.7846153846153846
80,4,distance,manhattan,1.0,0.7846153846153846
80,4,distance,chebyshev,1.0,0.7153846153846154
80,4,distance,minkowski,1.0,0.7846153846153846
80,5,uniform,euclidean,0.8474903474903475,0.7307692307692307
80,5,uniform,manhattan,0.8667953667953668,0.7538461538461538
80,5,uniform,chebyshev,0.8436293436293436,0.7153846153846154
80,5,uniform,minkowski,0.8474903474903475,0.7307692307692307
80,5,distance,euclidean,1.0,0.7461538461538462
80,5,distance,manhattan,1.0,0.7769230769230769
80,5,distance,chebyshev,1.0,0.7153846153846154
80,5,distance,minkowski,1.0,0.7461538461538462
80,6,uniform,euclidean,0.8243243243243243,0.7307692307692307
80,6,uniform,manhattan,0.8455598455598455,0.7692307692307693
80,6,uniform,chebyshev,0.8262548262548263,0.7076923076923077
80,6,uniform,minkowski,0.8243243243243243,0.7307692307692307
80,6,distance,euclidean,1.0,0.7384615384615385
80,6,distance,manhattan,1.0,0.7769230769230769
80,6,distance,chebyshev,1.0,0.7230769230769231
80,6,distance,minkowski,1.0,0.7384615384615385
80,7,uniform,euclidean,0.8011583011583011,0.7538461538461538
80,7,uniform,manhattan,0.8262548262548263,0.7307692307692307
80,7,uniform,chebyshev,0.8108108108108109,0.7384615384615385
80,7,uniform,minkowski,0.8011583011583011,0.7538461538461538
80,7,distance,euclidean,1.0,0.7538461538461538
80,7,distance,manhattan,1.0,0.7615384615384615
80,7,distance,chebyshev,1.0,0.7461538461538462
80,7,distance,minkowski,1.0,0.7538461538461538
80,8,uniform,euclidean,0.8088803088803089,0.7307692307692307
80,8,uniform,manhattan,0.832046332046332,0.7307692307692307
80,8,uniform,chebyshev,0.8011583011583011,0.7076923076923077
80,8,uniform,minkowski,0.8088803088803089,0.7307692307692307
80,8,distance,euclidean,1.0,0.7615384615384615
80,8,distance,manhattan,1.0,0.7692307692307693
80,8,distance,chebyshev,1.0,0.7538461538461538
80,8,distance,minkowski,1.0,0.7615384615384615
80,9,uniform,euclidean,0.803088803088803,0.7307692307692307
80,9,uniform,manhattan,0.7972972972972973,0.7230769230769231
80,9,uniform,chebyshev,0.803088803088803,0.7307692307692307
80,9,uniform,minkowski,0.803088803088803,0.7307692307692307
80,9,distance,euclidean,1.0,0.7615384615384615
80,9,distance,manhattan,1.0,0.7538461538461538
80,9,distance,chebyshev,1.0,0.7538461538461538
80,9,distance,minkowski,1.0,0.7615384615384615
80,10,uniform,euclidean,0.7972972972972973,0.7153846153846154
80,10,uniform,manhattan,0.8108108108108109,0.7076923076923077
80,10,uniform,chebyshev,0.7953667953667953,0.7307692307692307
80,10,uniform,minkowski,0.7972972972972973,0.7153846153846154
80,10,distance,euclidean,1.0,0.7384615384615385
80,10,distance,manhattan,1.0,0.7538461538461538
80,10,distance,chebyshev,1.0,0.7538461538461538
80,10,distance,minkowski,1.0,0.7384615384615385
80,11,uniform,euclidean,0.7760617760617761,0.7
80,11,uniform,manhattan,0.7857142857142857,0.7230769230769231
80,11,uniform,chebyshev,0.7741312741312741,0.7230769230769231
80,11,uniform,minkowski,0.7760617760617761,0.7
80,11,distance,euclidean,1.0,0.7153846153846154
80,11,distance,manhattan,1.0,0.7769230769230769
80,11,distance,chebyshev,1.0,0.7538461538461538
80,11,distance,minkowski,1.0,0.7153846153846154
80,12,uniform,euclidean,0.7760617760617761,0.6692307692307692
80,12,uniform,manhattan,0.7722007722007722,0.6923076923076923
80,12,uniform,chebyshev,0.7760617760617761,0.7307692307692307
80,12,uniform,minkowski,0.7760617760617761,0.6692307692307692
80,12,distance,euclidean,1.0,0.7384615384615385
80,12,distance,manhattan,1.0,0.7538461538461538
80,12,distance,chebyshev,1.0,0.7538461538461538
80,12,distance,minkowski,1.0,0.7384615384615385
80,13,uniform,euclidean,0.7760617760617761,0.7
80,13,uniform,manhattan,0.7799227799227799,0.7384615384615385
80,13,uniform,chebyshev,0.7644787644787645,0.7307692307692307
80,13,uniform,minkowski,0.7760617760617761,0.7
80,13,distance,euclidean,1.0,0.7461538461538462
80,13,distance,manhattan,1.0,0.7615384615384615
80,13,distance,chebyshev,1.0,0.7692307692307693
80,13,distance,minkowski,1.0,0.7461538461538462
80,14,uniform,euclidean,0.7702702702702703,0.6846153846153846
80,14,uniform,manhattan,0.7722007722007722,0.7153846153846154
80,14,uniform,chebyshev,0.7586872586872587,0.676923076923077
80,14,uniform,minkowski,0.7702702702702703,0.6846153846153846
80,14,distance,euclidean,1.0,0.7538461538461538
80,14,distance,manhattan,1.0,0.7692307692307693
80,14,distance,chebyshev,1.0,0.7769230769230769
80,14,distance,minkowski,1.0,0.7538461538461538
80,15,uniform,euclidean,0.7722007722007722,0.6846153846153846
80,15,uniform,manhattan,0.7741312741312741,0.7076923076923077
80,15,uniform,chebyshev,0.752895752895753,0.6923076923076923
80,15,uniform,minkowski,0.7722007722007722,0.6846153846153846
80,15,distance,euclidean,1.0,0.7307692307692307
80,15,distance,manhattan,1.0,0.7538461538461538
80,15,distance,chebyshev,1.0,0.7538461538461538
80,15,distance,minkowski,1.0,0.7307692307692307
80,16,uniform,euclidean,0.7586872586872587,0.676923076923077
80,16,uniform,manhattan,0.7683397683397684,0.7076923076923077
80,16,uniform,chebyshev,0.7548262548262549,0.6692307692307692
80,16,uniform,minkowski,0.7586872586872587,0.676923076923077
80,16,distance,euclidean,1.0,0.7
80,16,distance,manhattan,1.0,0.7461538461538462
80,16,distance,chebyshev,1.0,0.7384615384615385
80,16,distance,minkowski,1.0,0.7
80,17,uniform,euclidean,0.7606177606177607,0.676923076923077
80,17,uniform,manhattan,0.7683397683397684,0.6923076923076923
80,17,uniform,chebyshev,0.7548262548262549,0.7076923076923077
80,17,uniform,minkowski,0.7606177606177607,0.676923076923077
80,17,distance,euclidean,1.0,0.7230769230769231
80,17,distance,manhattan,1.0,0.7461538461538462
80,17,distance,chebyshev,1.0,0.7538461538461538
80,17,distance,minkowski,1.0,0.7230769230769231
80,18,uniform,euclidean,0.752895752895753,0.6692307692307692
80,18,uniform,manhattan,0.7548262548262549,0.7
80,18,uniform,chebyshev,0.7432432432432432,0.7
80,18,uniform,minkowski,0.752895752895753,0.6692307692307692
80,18,distance,euclidean,1.0,0.7
80,18,distance,manhattan,1.0,0.7538461538461538
80,18,distance,chebyshev,1.0,0.7615384615384615
80,18,distance,minkowski,1.0,0.7
80,19,uniform,euclidean,0.7393822393822393,0.676923076923077
80,19,uniform,manhattan,0.7451737451737451,0.7
80,19,uniform,chebyshev,0.7393822393822393,0.7076923076923077
80,19,uniform,minkowski,0.7393822393822393,0.676923076923077
80,19,distance,euclidean,1.0,0.7153846153846154
80,19,distance,manhattan,1.0,0.7692307692307693
80,19,distance,chebyshev,1.0,0.7384615384615385
80,19,distance,minkowski,1.0,0.7153846153846154
80,20,uniform,euclidean,0.7451737451737451,0.6692307692307692
80,20,uniform,manhattan,0.7413127413127413,0.7153846153846154
80,20,uniform,chebyshev,0.7451737451737451,0.6923076923076923
80,20,uniform,minkowski,0.7451737451737451,0.6692307692307692
80,20,distance,euclidean,1.0,0.7230769230769231
80,20,distance,manhattan,1.0,0.7615384615384615
80,20,distance,chebyshev,1.0,0.7307692307692307
80,20,distance,minkowski,1.0,0.7230769230769231
90,1,uniform,euclidean,1.0,0.7692307692307693
90,1,uniform,manhattan,1.0,0.8076923076923077
90,1,uniform,chebyshev,1.0,0.7384615384615385
90,1,uniform,minkowski,1.0,0.7692307692307693
90,1,distance,euclidean,1.0,0.7692307692307693
90,1,distance,manhattan,1.0,0.8076923076923077
90,1,distance,chebyshev,1.0,0.7384615384615385
90,1,distance,minkowski,1.0,0.7692307692307693
90,2,uniform,euclidean,0.8918918918918919,0.7461538461538462
90,2,uniform,manhattan,0.9034749034749034,0.8384615384615385
90,2,uniform,chebyshev,0.8861003861003861,0.7153846153846154
90,2,uniform,minkowski,0.8918918918918919,0.7461538461538462
90,2,distance,euclidean,1.0,0.7692307692307693
90,2,distance,manhattan,1.0,0.8076923076923077
90,2,distance,chebyshev,1.0,0.7384615384615385
90,2,distance,minkowski,1.0,0.7692307692307693
90,3,uniform,euclidean,0.88996138996139,0.7846153846153846
90,3,uniform,manhattan,0.88996138996139,0.8153846153846154
90,3,uniform,chebyshev,0.8667953667953668,0.7538461538461538
90,3,uniform,minkowski,0.88996138996139,0.7846153846153846
90,3,distance,euclidean,1.0,0.7846153846153846
90,3,distance,manhattan,1.0,0.8076923076923077
90,3,distance,chebyshev,1.0,0.7461538461538462
90,3,distance,minkowski,1.0,0.7846153846153846
90,4,uniform,euclidean,0.8687258687258688,0.7384615384615385
90,4,uniform,manhattan,0.8822393822393823,0.7923076923076923
90,4,uniform,chebyshev,0.8532818532818532,0.7538461538461538
90,4,uniform,minkowski,0.8687258687258688,0.7384615384615385
90,4,distance,euclidean,1.0,0.7846153846153846
90,4,distance,manhattan,1.0,0.8153846153846154
90,4,distance,chebyshev,1.0,0.7384615384615385
90,4,distance,minkowski,1.0,0.7846153846153846
90,5,uniform,euclidean,0.861003861003861,0.7769230769230769
90,5,uniform,manhattan,0.8764478764478765,0.8
90,5,uniform,chebyshev,0.8223938223938224,0.7384615384615385
90,5,uniform,minkowski,0.861003861003861,0.7769230769230769
90,5,distance,euclidean,1.0,0.7923076923076923
90,5,distance,manhattan,1.0,0.7846153846153846
90,5,distance,chebyshev,1.0,0.7307692307692307
90,5,distance,minkowski,1.0,0.7923076923076923
90,6,uniform,euclidean,0.833976833976834,0.7846153846153846
90,6,uniform,manhattan,0.862934362934363,0.7923076923076923
90,6,uniform,chebyshev,0.833976833976834,0.7153846153846154
90,6,uniform,minkowski,0.833976833976834,0.7846153846153846
90,6,distance,euclidean,1.0,0.7923076923076923
90,6,distance,manhattan,1.0,0.8076923076923077
90,6,distance,chebyshev,1.0,0.7384615384615385
90,6,distance,minkowski,1.0,0.7923076923076923
90,7,uniform,euclidean,0.8146718146718147,0.7692307692307693
90,7,uniform,manhattan,0.8513513513513513,0.7846153846153846
90,7,uniform,chebyshev,0.8185328185328186,0.7230769230769231
90,7,uniform,minkowski,0.8146718146718147,0.7692307692307693
90,7,distance,euclidean,1.0,0.7769230769230769
90,7,distance,manhattan,1.0,0.7846153846153846
90,7,distance,chebyshev,1.0,0.7307692307692307
90,7,distance,minkowski,1.0,0.7769230769230769
90,8,uniform,euclidean,0.8088803088803089,0.7769230769230769
90,8,uniform,manhattan,0.8436293436293436,0.7769230769230769
90,8,uniform,chebyshev,0.8146718146718147,0.7153846153846154
90,8,uniform,minkowski,0.8088803088803089,0.7769230769230769
90,8,distance,euclidean,1.0,0.7692307692307693
90,8,distance,manhattan,1.0,0.8153846153846154
90,8,distance,chebyshev,1.0,0.7153846153846154
90,8,distance,minkowski,1.0,0.7692307692307693
90,9,uniform,euclidean,0.7992277992277992,0.7846153846153846
90,9,uniform,manhattan,0.8243243243243243,0.7846153846153846
90,9,uniform,chebyshev,0.806949806949807,0.6846153846153846
90,9,uniform,minkowski,0.7992277992277992,0.7846153846153846
90,9,distance,euclidean,1.0,0.7769230769230769
90,9,distance,manhattan,1.0,0.8076923076923077
90,9,distance,chebyshev,1.0,0.7076923076923077
90,9,distance,minkowski,1.0,0.7769230769230769
90,10,uniform,euclidean,0.7876447876447876,0.7384615384615385
90,10,uniform,manhattan,0.8108108108108109,0.7692307692307693
90,10,uniform,chebyshev,0.803088803088803,0.7153846153846154
90,10,uniform,minkowski,0.7876447876447876,0.7384615384615385
90,10,distance,euclidean,1.0,0.7615384615384615
90,10,distance,manhattan,1.0,0.8076923076923077
90,10,distance,chebyshev,1.0,0.7307692307692307
90,10,distance,minkowski,1.0,0.7615384615384615
90,11,uniform,euclidean,0.7857142857142857,0.7384615384615385
90,11,uniform,manhattan,0.803088803088803,0.7461538461538462
90,11,uniform,chebyshev,0.7722007722007722,0.7
90,11,uniform,minkowski,0.7857142857142857,0.7384615384615385
90,11,distance,euclidean,1.0,0.7846153846153846
90,11,distance,manhattan,1.0,0.8
90,11,distance,chebyshev,1.0,0.7307692307692307
90,11,distance,minkowski,1.0,0.7846153846153846
90,12,uniform,euclidean,0.7876447876447876,0.7384615384615385
90,12,uniform,manhattan,0.8146718146718147,0.7307692307692307
90,12,uniform,chebyshev,0.777992277992278,0.6923076923076923
90,12,uniform,minkowski,0.7876447876447876,0.7384615384615385
90,12,distance,euclidean,1.0,0.7692307692307693
90,12,distance,manhattan,1.0,0.7923076923076923
90,12,distance,chebyshev,1.0,0.7076923076923077
90,12,distance,minkowski,1.0,0.7692307692307693
90,13,uniform,euclidean,0.7934362934362934,0.7461538461538462
90,13,uniform,manhattan,0.8108108108108109,0.7384615384615385
90,13,uniform,chebyshev,0.7741312741312741,0.6846153846153846
90,13,uniform,minkowski,0.7934362934362934,0.7461538461538462
90,13,distance,euclidean,1.0,0.7692307692307693
90,13,distance,manhattan,1.0,0.8
90,13,distance,chebyshev,1.0,0.7307692307692307
90,13,distance,minkowski,1.0,0.7692307692307693
90,14,uniform,euclidean,0.7953667953667953,0.7230769230769231
90,14,uniform,manhattan,0.7992277992277992,0.7230769230769231
90,14,uniform,chebyshev,0.7586872586872587,0.7230769230769231
90,14,uniform,minkowski,0.7953667953667953,0.7230769230769231
90,14,distance,euclidean,1.0,0.7615384615384615
90,14,distance,manhattan,1.0,0.7846153846153846
90,14,distance,chebyshev,1.0,0.7307692307692307
90,14,distance,minkowski,1.0,0.7615384615384615
90,15,uniform,euclidean,0.7895752895752896,0.7307692307692307
90,15,uniform,manhattan,0.8011583011583011,0.7461538461538462
90,15,uniform,chebyshev,0.7760617760617761,0.7230769230769231
90,15,uniform,minkowski,0.7895752895752896,0.7307692307692307
90,15,distance,euclidean,1.0,0.7615384615384615
90,15,distance,manhattan,1.0,0.7846153846153846
90,15,distance,chebyshev,1.0,0.7230769230769231
90,15,distance,minkowski,1.0,0.7615384615384615
90,16,uniform,euclidean,0.7760617760617761,0.7230769230769231
90,16,uniform,manhattan,0.7915057915057915,0.7307692307692307
90,16,uniform,chebyshev,0.7683397683397684,0.6923076923076923
90,16,uniform,minkowski,0.7760617760617761,0.7230769230769231
90,16,distance,euclidean,1.0,0.7538461538461538
90,16,distance,manhattan,1.0,0.7846153846153846
90,16,distance,chebyshev,1.0,0.7076923076923077
90,16,distance,minkowski,1.0,0.7538461538461538
90,17,uniform,euclidean,0.7799227799227799,0.7
90,17,uniform,manhattan,0.7799227799227799,0.7461538461538462
90,17,uniform,chebyshev,0.7702702702702703,0.6846153846153846
90,17,uniform,minkowski,0.7799227799227799,0.7
90,17,distance,euclidean,1.0,0.7384615384615385
90,17,distance,manhattan,1.0,0.7538461538461538
90,17,distance,chebyshev,1.0,0.7
90,17,distance,minkowski,1.0,0.7384615384615385
90,18,uniform,euclidean,0.7818532818532818,0.7076923076923077
90,18,uniform,manhattan,0.7857142857142857,0.7307692307692307
90,18,uniform,chebyshev,0.7567567567567568,0.7
90,18,uniform,minkowski,0.7818532818532818,0.7076923076923077
90,18,distance,euclidean,1.0,0.7153846153846154
90,18,distance,manhattan,1.0,0.7692307692307693
90,18,distance,chebyshev,1.0,0.7
90,18,distance,minkowski,1.0,0.7153846153846154
90,19,uniform,euclidean,0.7741312741312741,0.7
90,19,uniform,manhattan,0.7818532818532818,0.7461538461538462
90,19,uniform,chebyshev,0.7644787644787645,0.7
90,19,uniform,minkowski,0.7741312741312741,0.7
90,19,distance,euclidean,1.0,0.7230769230769231
90,19,distance,manhattan,1.0,0.7692307692307693
90,19,distance,chebyshev,1.0,0.7
90,19,distance,minkowski,1.0,0.7230769230769231
90,20,uniform,euclidean,0.7741312741312741,0.676923076923077
90,20,uniform,manhattan,0.7722007722007722,0.7153846153846154
90,20,uniform,chebyshev,0.750965250965251,0.6692307692307692
90,20,uniform,minkowski,0.7741312741312741,0.676923076923077
90,20,distance,euclidean,1.0,0.7
90,20,distance,manhattan,1.0,0.7692307692307693
90,20,distance,chebyshev,1.0,0.7076923076923077
90,20,distance,minkowski,1.0,0.7
100,1,uniform,euclidean,1.0,0.7846153846153846
100,1,uniform,manhattan,1.0,0.8076923076923077
100,1,uniform,chebyshev,1.0,0.7846153846153846
100,1,uniform,minkowski,1.0,0.7846153846153846
100,1,distance,euclidean,1.0,0.7846153846153846
100,1,distance,manhattan,1.0,0.8076923076923077
100,1,distance,chebyshev,1.0,0.7846153846153846
100,1,distance,minkowski,1.0,0.7846153846153846
100,2,uniform,euclidean,0.888030888030888,0.7769230769230769
100,2,uniform,manhattan,0.9131274131274131,0.8384615384615385
100,2,uniform,chebyshev,0.8648648648648649,0.7384615384615385
100,2,uniform,minkowski,0.888030888030888,0.7769230769230769
100,2,distance,euclidean,1.0,0.7846153846153846
100,2,distance,manhattan,1.0,0.8076923076923077
100,2,distance,chebyshev,1.0,0.7846153846153846
100,2,distance,minkowski,1.0,0.7846153846153846
100,3,uniform,euclidean,0.8822393822393823,0.7538461538461538
100,3,uniform,manhattan,0.9034749034749034,0.823076923076923
100,3,uniform,chebyshev,0.8648648648648649,0.7230769230769231
100,3,uniform,minkowski,0.8822393822393823,0.7538461538461538
100,3,distance,euclidean,1.0,0.7615384615384615
100,3,distance,manhattan,1.0,0.823076923076923
100,3,distance,chebyshev,1.0,0.7307692307692307
100,3,distance,minkowski,1.0,0.7615384615384615
100,4,uniform,euclidean,0.8378378378378378,0.7615384615384615
100,4,uniform,manhattan,0.8706563706563707,0.7692307692307693
100,4,uniform,chebyshev,0.8088803088803089,0.7307692307692307
100,4,uniform,minkowski,0.8378378378378378,0.7615384615384615
100,4,distance,euclidean,1.0,0.7692307692307693
100,4,distance,manhattan,1.0,0.8384615384615385
100,4,distance,chebyshev,1.0,0.7384615384615385
100,4,distance,minkowski,1.0,0.7692307692307693
100,5,uniform,euclidean,0.8185328185328186,0.7461538461538462
100,5,uniform,manhattan,0.8474903474903475,0.8153846153846154
100,5,uniform,chebyshev,0.8127413127413128,0.7307692307692307
100,5,uniform,minkowski,0.8185328185328186,0.7461538461538462
100,5,distance,euclidean,1.0,0.7769230769230769
100,5,distance,manhattan,1.0,0.823076923076923
100,5,distance,chebyshev,1.0,0.7384615384615385
100,5,distance,minkowski,1.0,0.7769230769230769
100,6,uniform,euclidean,0.8185328185328186,0.7846153846153846
100,6,uniform,manhattan,0.8359073359073359,0.7923076923076923
100,6,uniform,chebyshev,0.7992277992277992,0.7230769230769231
100,6,uniform,minkowski,0.8185328185328186,0.7846153846153846
100,6,distance,euclidean,1.0,0.7769230769230769
100,6,distance,manhattan,1.0,0.8538461538461538
100,6,distance,chebyshev,1.0,0.7230769230769231
100,6,distance,minkowski,1.0,0.7769230769230769
100,7,uniform,euclidean,0.805019305019305,0.7615384615384615
100,7,uniform,manhattan,0.8223938223938224,0.8076923076923077
100,7,uniform,chebyshev,0.7799227799227799,0.7230769230769231
100,7,uniform,minkowski,0.805019305019305,0.7615384615384615
100,7,distance,euclidean,1.0,0.7769230769230769
100,7,distance,manhattan,1.0,0.8153846153846154
100,7,distance,chebyshev,1.0,0.7307692307692307
100,7,distance,minkowski,1.0,0.7769230769230769
100,8,uniform,euclidean,0.7934362934362934,0.7769230769230769
100,8,uniform,manhattan,0.8108108108108109,0.7615384615384615
100,8,uniform,chebyshev,0.7722007722007722,0.7307692307692307
100,8,uniform,minkowski,0.7934362934362934,0.7769230769230769
100,8,distance,euclidean,1.0,0.7846153846153846
100,8,distance,manhattan,1.0,0.8
100,8,distance,chebyshev,1.0,0.7230769230769231
100,8,distance,minkowski,1.0,0.7846153846153846
100,9,uniform,euclidean,0.7741312741312741,0.7615384615384615
100,9,uniform,manhattan,0.7972972972972973,0.8
100,9,uniform,chebyshev,0.7606177606177607,0.7153846153846154
100,9,uniform,minkowski,0.7741312741312741,0.7615384615384615
100,9,distance,euclidean,1.0,0.7692307692307693
100,9,distance,manhattan,1.0,0.8076923076923077
100,9,distance,chebyshev,1.0,0.7
100,9,distance,minkowski,1.0,0.7692307692307693
100,10,uniform,euclidean,0.7548262548262549,0.7615384615384615
100,10,uniform,manhattan,0.7876447876447876,0.7692307692307693
100,10,uniform,chebyshev,0.752895752895753,0.7384615384615385
100,10,uniform,minkowski,0.7548262548262549,0.7615384615384615
100,10,distance,euclidean,1.0,0.7769230769230769
100,10,distance,manhattan,1.0,0.8076923076923077
100,10,distance,chebyshev,1.0,0.7230769230769231
100,10,distance,minkowski,1.0,0.7769230769230769
100,11,uniform,euclidean,0.7586872586872587,0.7538461538461538
100,11,uniform,manhattan,0.7837837837837838,0.7692307692307693
100,11,uniform,chebyshev,0.7413127413127413,0.6923076923076923
100,11,uniform,minkowski,0.7586872586872587,0.7538461538461538
100,11,distance,euclidean,1.0,0.7692307692307693
100,11,distance,manhattan,1.0,0.7846153846153846
100,11,distance,chebyshev,1.0,0.7230769230769231
100,11,distance,minkowski,1.0,0.7692307692307693
100,12,uniform,euclidean,0.750965250965251,0.7384615384615385
100,12,uniform,manhattan,0.7722007722007722,0.7615384615384615
100,12,uniform,chebyshev,0.7451737451737451,0.7153846153846154
100,12,uniform,minkowski,0.750965250965251,0.7384615384615385
100,12,distance,euclidean,1.0,0.7384615384615385
100,12,distance,manhattan,1.0,0.7923076923076923
100,12,distance,chebyshev,1.0,0.7307692307692307
100,12,distance,minkowski,1.0,0.7384615384615385
100,13,uniform,euclidean,0.750965250965251,0.7076923076923077
100,13,uniform,manhattan,0.7606177606177607,0.7692307692307693
100,13,uniform,chebyshev,0.7374517374517374,0.7461538461538462
100,13,uniform,minkowski,0.750965250965251,0.7076923076923077
100,13,distance,euclidean,1.0,0.7384615384615385
100,13,distance,manhattan,1.0,0.7769230769230769
100,13,distance,chebyshev,1.0,0.7461538461538462
100,13,distance,minkowski,1.0,0.7384615384615385
100,14,uniform,euclidean,0.7413127413127413,0.7230769230769231
100,14,uniform,manhattan,0.7625482625482626,0.7538461538461538
100,14,uniform,chebyshev,0.7258687258687259,0.7230769230769231
100,14,uniform,minkowski,0.7413127413127413,0.7230769230769231
100,14,distance,euclidean,1.0,0.7384615384615385
100,14,distance,manhattan,1.0,0.7538461538461538
100,14,distance,chebyshev,1.0,0.7384615384615385
100,14,distance,minkowski,1.0,0.7384615384615385
100,15,uniform,euclidean,0.747104247104247,0.7230769230769231
100,15,uniform,manhattan,0.7606177606177607,0.7307692307692307
100,15,uniform,chebyshev,0.7181467181467182,0.7307692307692307
100,15,uniform,minkowski,0.747104247104247,0.7230769230769231
100,15,distance,euclidean,1.0,0.7538461538461538
100,15,distance,manhattan,1.0,0.7692307692307693
100,15,distance,chebyshev,1.0,0.7307692307692307
100,15,distance,minkowski,1.0,0.7538461538461538
100,16,uniform,euclidean,0.750965250965251,0.7076923076923077
100,16,uniform,manhattan,0.7432432432432432,0.7384615384615385
100,16,uniform,chebyshev,0.722007722007722,0.7
100,16,uniform,minkowski,0.750965250965251,0.7076923076923077
100,16,distance,euclidean,1.0,0.7461538461538462
100,16,distance,manhattan,1.0,0.7384615384615385
100,16,distance,chebyshev,1.0,0.7153846153846154
100,16,distance,minkowski,1.0,0.7461538461538462
100,17,uniform,euclidean,0.7355212355212355,0.7153846153846154
100,17,uniform,manhattan,0.7374517374517374,0.7307692307692307
100,17,uniform,chebyshev,0.7258687258687259,0.7230769230769231
100,17,uniform,minkowski,0.7355212355212355,0.7153846153846154
100,17,distance,euclidean,1.0,0.7384615384615385
100,17,distance,manhattan,1.0,0.7384615384615385
100,17,distance,chebyshev,1.0,0.7307692307692307
100,17,distance,minkowski,1.0,0.7384615384615385
100,18,uniform,euclidean,0.7393822393822393,0.7
100,18,uniform,manhattan,0.7297297297297297,0.7615384615384615
100,18,uniform,chebyshev,0.7181467181467182,0.7153846153846154
100,18,uniform,minkowski,0.7393822393822393,0.7
100,18,distance,euclidean,1.0,0.7538461538461538
100,18,distance,manhattan,1.0,0.7615384615384615
100,18,distance,chebyshev,1.0,0.7230769230769231
100,18,distance,minkowski,1.0,0.7538461538461538
100,19,uniform,euclidean,0.7316602316602316,0.7
100,19,uniform,manhattan,0.7297297297297297,0.7461538461538462
100,19,uniform,chebyshev,0.7104247104247104,0.7230769230769231
100,19,uniform,minkowski,0.7316602316602316,0.7
100,19,distance,euclidean,1.0,0.7384615384615385
100,19,distance,manhattan,1.0,0.7538461538461538
100,19,distance,chebyshev,1.0,0.7153846153846154
100,19,distance,minkowski,1.0,0.7384615384615385
100,20,uniform,euclidean,0.7239382239382239,0.6923076923076923
100,20,uniform,manhattan,0.7277992277992278,0.7230769230769231
100,20,uniform,chebyshev,0.7104247104247104,0.6846153846153846
100,20,uniform,minkowski,0.7239382239382239,0.6923076923076923
100,20,distance,euclidean,1.0,0.7307692307692307
100,20,distance,manhattan,1.0,0.7538461538461538
100,20,distance,chebyshev,1.0,0.7076923076923077
100,20,distance,minkowski,1.0,0.7307692307692307
110,1,uniform,euclidean,1.0,0.7461538461538462
110,1,uniform,manhattan,1.0,0.7384615384615385
110,1,uniform,chebyshev,1.0,0.6923076923076923
110,1,uniform,minkowski,1.0,0.7461538461538462
110,1,distance,euclidean,1.0,0.7461538461538462
110,1,distance,manhattan,1.0,0.7384615384615385
110,1,distance,chebyshev,1.0,0.6923076923076923
110,1,distance,minkowski,1.0,0.7461538461538462
110,2,uniform,euclidean,0.8957528957528957,0.7153846153846154
110,2,uniform,manhattan,0.9034749034749034,0.7615384615384615
110,2,uniform,chebyshev,0.8861003861003861,0.676923076923077
110,2,uniform,minkowski,0.8957528957528957,0.7153846153846154
110,2,distance,euclidean,1.0,0.7461538461538462
110,2,distance,manhattan,1.0,0.7384615384615385
110,2,distance,chebyshev,1.0,0.6923076923076923
110,2,distance,minkowski,1.0,0.7461538461538462
110,3,uniform,euclidean,0.8764478764478765,0.7384615384615385
110,3,uniform,manhattan,0.8822393822393823,0.7230769230769231
110,3,uniform,chebyshev,0.8706563706563707,0.676923076923077
110,3,uniform,minkowski,0.8764478764478765,0.7384615384615385
110,3,distance,euclidean,1.0,0.7384615384615385
110,3,distance,manhattan,1.0,0.7615384615384615
110,3,distance,chebyshev,1.0,0.6923076923076923
110,3,distance,minkowski,1.0,0.7384615384615385
110,4,uniform,euclidean,0.8474903474903475,0.7307692307692307
110,4,uniform,manhattan,0.8494208494208494,0.7769230769230769
110,4,uniform,chebyshev,0.8455598455598455,0.7
110,4,uniform,minkowski,0.8474903474903475,0.7307692307692307
110,4,distance,euclidean,1.0,0.7461538461538462
110,4,distance,manhattan,1.0,0.7615384615384615
110,4,distance,chebyshev,1.0,0.7076923076923077
110,4,distance,minkowski,1.0,0.7461538461538462
110,5,uniform,euclidean,0.8359073359073359,0.7
110,5,uniform,manhattan,0.8494208494208494,0.7384615384615385
110,5,uniform,chebyshev,0.8243243243243243,0.6846153846153846
110,5,uniform,minkowski,0.8359073359073359,0.7
110,5,distance,euclidean,1.0,0.7230769230769231
110,5,distance,manhattan,1.0,0.7538461538461538
110,5,distance,chebyshev,1.0,0.6923076923076923
110,5,distance,minkowski,1.0,0.7230769230769231
110,6,uniform,euclidean,0.8301158301158301,0.7
110,6,uniform,manhattan,0.8378378378378378,0.7461538461538462
110,6,uniform,chebyshev,0.803088803088803,0.6692307692307692
110,6,uniform,minkowski,0.8301158301158301,0.7
110,6,distance,euclidean,1.0,0.7076923076923077
110,6,distance,manhattan,1.0,0.7538461538461538
110,6,distance,chebyshev,1.0,0.676923076923077
110,6,distance,minkowski,1.0,0.7076923076923077
110,7,uniform,euclidean,0.8185328185328186,0.7384615384615385
110,7,uniform,manhattan,0.8146718146718147,0.7230769230769231
110,7,uniform,chebyshev,0.7895752895752896,0.6846153846153846
110,7,uniform,minkowski,0.8185328185328186,0.7384615384615385
110,7,distance,euclidean,1.0,0.7538461538461538
110,7,distance,manhattan,1.0,0.7615384615384615
110,7,distance,chebyshev,1.0,0.676923076923077
110,7,distance,minkowski,1.0,0.7538461538461538
110,8,uniform,euclidean,0.8281853281853282,0.7538461538461538
110,8,uniform,manhattan,0.8185328185328186,0.7230769230769231
110,8,uniform,chebyshev,0.7953667953667953,0.6692307692307692
110,8,uniform,minkowski,0.8281853281853282,0.7538461538461538
110,8,distance,euclidean,1.0,0.7461538461538462
110,8,distance,manhattan,1.0,0.7538461538461538
110,8,distance,chebyshev,1.0,0.7
110,8,distance,minkowski,1.0,0.7461538461538462
110,9,uniform,euclidean,0.803088803088803,0.7230769230769231
110,9,uniform,manhattan,0.806949806949807,0.7384615384615385
110,9,uniform,chebyshev,0.7857142857142857,0.7076923076923077
110,9,uniform,minkowski,0.803088803088803,0.7230769230769231
110,9,distance,euclidean,1.0,0.7538461538461538
110,9,distance,manhattan,1.0,0.7461538461538462
110,9,distance,chebyshev,1.0,0.7
110,9,distance,minkowski,1.0,0.7538461538461538
110,10,uniform,euclidean,0.7915057915057915,0.7230769230769231
110,10,uniform,manhattan,0.7953667953667953,0.7
110,10,uniform,chebyshev,0.7683397683397684,0.676923076923077
110,10,uniform,minkowski,0.7915057915057915,0.7230769230769231
110,10,distance,euclidean,1.0,0.7153846153846154
110,10,distance,manhattan,1.0,0.7307692307692307
110,10,distance,chebyshev,1.0,0.7
110,10,distance,minkowski,1.0,0.7153846153846154
110,11,uniform,euclidean,0.7972972972972973,0.7
110,11,uniform,manhattan,0.7818532818532818,0.676923076923077
110,11,uniform,chebyshev,0.7741312741312741,0.6615384615384615
110,11,uniform,minkowski,0.7972972972972973,0.7
110,11,distance,euclidean,1.0,0.7230769230769231
110,11,distance,manhattan,1.0,0.7384615384615385
110,11,distance,chebyshev,1.0,0.7
110,11,distance,minkowski,1.0,0.7230769230769231
110,12,uniform,euclidean,0.7915057915057915,0.7076923076923077
110,12,uniform,manhattan,0.7915057915057915,0.6923076923076923
110,12,uniform,chebyshev,0.7625482625482626,0.6538461538461539
110,12,uniform,minkowski,0.7915057915057915,0.7076923076923077
110,12,distance,euclidean,1.0,0.7076923076923077
110,12,distance,manhattan,1.0,0.7153846153846154
110,12,distance,chebyshev,1.0,0.7
110,12,distance,minkowski,1.0,0.7076923076923077
110,13,uniform,euclidean,0.7818532818532818,0.6923076923076923
110,13,uniform,manhattan,0.7876447876447876,0.7076923076923077
110,13,uniform,chebyshev,0.747104247104247,0.6692307692307692
110,13,uniform,minkowski,0.7818532818532818,0.6923076923076923
110,13,distance,euclidean,1.0,0.7076923076923077
110,13,distance,manhattan,1.0,0.7461538461538462
110,13,distance,chebyshev,1.0,0.7
110,13,distance,minkowski,1.0,0.7076923076923077
110,14,uniform,euclidean,0.7722007722007722,0.676923076923077
110,14,uniform,manhattan,0.7644787644787645,0.6846153846153846
110,14,uniform,chebyshev,0.747104247104247,0.6692307692307692
110,14,uniform,minkowski,0.7722007722007722,0.676923076923077
110,14,distance,euclidean,1.0,0.7153846153846154
110,14,distance,manhattan,1.0,0.7153846153846154
110,14,distance,chebyshev,1.0,0.7076923076923077
110,14,distance,minkowski,1.0,0.7153846153846154
110,15,uniform,euclidean,0.7722007722007722,0.6615384615384615
110,15,uniform,manhattan,0.7760617760617761,0.6692307692307692
110,15,uniform,chebyshev,0.7393822393822393,0.6538461538461539
110,15,uniform,minkowski,0.7722007722007722,0.6615384615384615
110,15,distance,euclidean,1.0,0.6923076923076923
110,15,distance,manhattan,1.0,0.7153846153846154
110,15,distance,chebyshev,1.0,0.6846153846153846
110,15,distance,minkowski,1.0,0.6923076923076923
110,16,uniform,euclidean,0.7586872586872587,0.7076923076923077
110,16,uniform,manhattan,0.7625482625482626,0.6846153846153846
110,16,uniform,chebyshev,0.7355212355212355,0.6692307692307692
110,16,uniform,minkowski,0.7586872586872587,0.7076923076923077
110,16,distance,euclidean,1.0,0.7076923076923077
110,16,distance,manhattan,1.0,0.7076923076923077
110,16,distance,chebyshev,1.0,0.6923076923076923
110,16,distance,minkowski,1.0,0.7076923076923077
110,17,uniform,euclidean,0.752895752895753,0.7076923076923077
110,17,uniform,manhattan,0.7683397683397684,0.676923076923077
110,17,uniform,chebyshev,0.7355212355212355,0.6692307692307692
110,17,uniform,minkowski,0.752895752895753,0.7076923076923077
110,17,distance,euclidean,1.0,0.7076923076923077
110,17,distance,manhattan,1.0,0.7307692307692307
110,17,distance,chebyshev,1.0,0.7076923076923077
110,17,distance,minkowski,1.0,0.7076923076923077
110,18,uniform,euclidean,0.750965250965251,0.7076923076923077
110,18,uniform,manhattan,0.752895752895753,0.6923076923076923
110,18,uniform,chebyshev,0.7335907335907336,0.6692307692307692
110,18,uniform,minkowski,0.750965250965251,0.7076923076923077
110,18,distance,euclidean,1.0,0.7076923076923077
110,18,distance,manhattan,1.0,0.7384615384615385
110,18,distance,chebyshev,1.0,0.7076923076923077
110,18,distance,minkowski,1.0,0.7076923076923077
110,19,uniform,euclidean,0.7432432432432432,0.6923076923076923
110,19,uniform,manhattan,0.7586872586872587,0.6846153846153846
110,19,uniform,chebyshev,0.7258687258687259,0.6615384615384615
110,19,uniform,minkowski,0.7432432432432432,0.6923076923076923
110,19,distance,euclidean,1.0,0.7076923076923077
110,19,distance,manhattan,1.0,0.7307692307692307
110,19,distance,chebyshev,1.0,0.7
110,19,distance,minkowski,1.0,0.7076923076923077
110,20,uniform,euclidean,0.7335907335907336,0.6846153846153846
110,20,uniform,manhattan,0.7413127413127413,0.6692307692307692
110,20,uniform,chebyshev,0.7297297297297297,0.6615384615384615
110,20,uniform,minkowski,0.7335907335907336,0.6846153846153846
110,20,distance,euclidean,1.0,0.7230769230769231
110,20,distance,manhattan,1.0,0.7076923076923077
110,20,distance,chebyshev,1.0,0.7076923076923077
110,20,distance,minkowski,1.0,0.7230769230769231
